XGB_Risk_Score,XGB_Prediction,Actual_Fraud,Risk_Category
0.00012071351,0,0,Low
0.00013506487,0,0,Low
0.99985325,1,1,High
0.00011611062,0,0,Low
9.8211814e-05,0,0,Low
0.00012634801,0,0,Low
9.6338226e-05,0,0,Low
7.6356395e-05,0,0,Low
6.0911716e-05,0,0,Low
0.00022784728,0,0,Low
0.00014743992,0,0,Low
8.559533e-05,0,0,Low
0.00025161586,0,0,Low
0.0003466658,0,0,Low
0.017823162,0,0,Low
0.00036904216,0,0,Low
0.00014233764,0,0,Low
0.0003956919,0,0,Low
0.26906645,0,0,Low
0.0002484792,0,0,Low
0.00013315286,0,0,Low
6.704434e-05,0,0,Low
6.0798142e-05,0,0,Low
8.019423e-05,0,0,Low
0.000116202,0,0,Low
7.47406e-05,0,0,Low
0.00041200302,0,0,Low
0.004593068,0,0,Low
9.2274946e-05,0,0,Low
0.0001169616,0,0,Low
6.179616e-05,0,0,Low
5.878412e-05,0,0,Low
0.9999113,1,1,High
0.00013418963,0,0,Low
7.410316e-05,0,0,Low
9.914971e-05,0,0,Low
0.99995255,1,1,High
8.872554e-05,0,0,Low
0.0006100885,0,0,Low
0.00016675275,0,0,Low
0.00010529042,0,0,Low
0.9999045,1,1,High
0.0007434715,0,0,Low
6.409031e-05,0,0,Low
0.0003379514,0,0,Low
0.0012013122,0,0,Low
0.00018075058,0,0,Low
0.00026310934,0,0,Low
9.304162e-05,0,0,Low
0.00049499446,0,0,Low
0.00010985823,0,0,Low
8.205075e-05,0,0,Low
7.3824696e-05,0,0,Low
9.4407056e-05,0,0,Low
0.0019677707,0,0,Low
9.971785e-05,0,0,Low
0.00045486842,0,0,Low
0.00019991794,0,0,Low
0.00015162549,0,0,Low
8.0704085e-05,0,0,Low
0.00018756086,0,0,Low
0.0503212,0,0,Low
0.00016095706,0,0,Low
0.00014507458,0,0,Low
7.818668e-05,0,0,Low
7.794986e-05,0,0,Low
6.9995745e-05,0,0,Low
7.339847e-05,0,0,Low
0.00018086402,0,0,Low
0.005632059,0,0,Low
0.0004899057,0,0,Low
0.00010451298,0,0,Low
6.707804e-05,0,0,Low
0.007953205,0,0,Low
7.75024e-05,0,0,Low
5.4399286e-05,0,0,Low
8.0598336e-05,0,0,Low
0.000114919785,0,0,Low
0.00017599728,0,0,Low
0.03160366,0,0,Low
5.2636107e-05,0,0,Low
9.442452e-05,0,0,Low
0.0002820658,0,0,Low
0.00012031142,0,0,Low
0.00062130933,0,0,Low
8.922673e-05,0,0,Low
6.8065136e-05,0,0,Low
0.99995255,1,1,High
8.317301e-05,0,0,Low
6.0136183e-05,0,0,Low
0.0001368033,0,0,Low
8.329325e-05,0,0,Low
9.173705e-05,0,0,Low
0.00027209183,0,0,Low
7.7263016e-05,0,0,Low
9.7836244e-05,0,0,Low
0.00013554146,0,0,Low
0.0046945964,0,0,Low
8.4454005e-05,0,0,Low
0.00017397557,0,0,Low
0.00012823592,0,0,Low
0.00012869552,0,0,Low
0.00023250763,0,0,Low
0.0006655288,0,0,Low
0.0002191042,0,0,Low
0.00012572295,0,0,Low
0.00017292504,0,0,Low
0.00051546266,0,0,Low
0.00015031465,0,0,Low
8.297923e-05,0,0,Low
5.5234093e-05,0,0,Low
9.8982215e-05,0,0,Low
0.00020754838,0,0,Low
0.00027331695,0,0,Low
7.795782e-05,0,0,Low
0.00010325738,0,0,Low
6.603495e-05,0,0,Low
0.00023076092,0,0,Low
0.00011814171,0,0,Low
0.011063633,0,0,Low
0.00010117266,0,0,Low
0.00023391693,0,0,Low
8.659241e-05,0,0,Low
0.00021827161,0,0,Low
4.5113335e-05,0,0,Low
0.00038578876,0,0,Low
7.1300674e-05,0,0,Low
6.994343e-05,0,0,Low
7.796837e-05,0,0,Low
0.00015539804,0,0,Low
9.5362244e-05,0,0,Low
8.551236e-05,0,0,Low
7.168027e-05,0,0,Low
0.00029634478,0,0,Low
0.0001472629,0,0,Low
0.00014656734,0,0,Low
0.00015853248,0,0,Low
0.00029349595,0,0,Low
6.731616e-05,0,0,Low
0.16711776,0,0,Low
0.0024133986,0,0,Low
0.000118995784,0,0,Low
5.0334642e-05,0,0,Low
0.000551784,0,0,Low
0.00016984747,0,0,Low
0.00027293494,0,0,Low
7.228026e-05,0,0,Low
0.00071679195,0,0,Low
6.535218e-05,0,0,Low
9.017551e-05,0,0,Low
0.00020083712,0,0,Low
8.164707e-05,0,0,Low
6.7829664e-05,0,0,Low
0.00015488634,0,0,Low
0.0005699125,0,0,Low
0.00011764919,0,0,Low
0.00010119447,0,0,Low
0.004953934,0,0,Low
0.00012376801,0,0,Low
7.192972e-05,0,0,Low
8.411844e-05,0,0,Low
0.0002035432,0,0,Low
0.000110190915,0,0,Low
7.8676414e-05,0,0,Low
0.00030232506,0,0,Low
0.00010151874,0,0,Low
8.798168e-05,0,0,Low
0.00017720429,0,0,Low
0.0004657966,0,0,Low
0.00011537623,0,0,Low
0.00033114062,0,0,Low
7.829665e-05,0,0,Low
0.00012678877,0,0,Low
0.00010124901,0,0,Low
0.00023856902,0,0,Low
8.9111e-05,0,0,Low
7.150549e-05,0,0,Low
0.00020414553,0,0,Low
4.723577e-05,0,0,Low
0.00020371114,0,0,Low
0.000118107804,0,0,Low
7.773029e-05,0,0,Low
0.99995255,1,1,High
6.776282e-05,0,0,Low
7.3093164e-05,0,0,Low
7.234611e-05,0,0,Low
0.00022659203,0,0,Low
6.425419e-05,0,0,Low
6.397075e-05,0,0,Low
0.0001786799,0,0,Low
5.4853324e-05,0,0,Low
0.00015412511,0,0,Low
0.0009924074,0,0,Low
0.00014466609,0,0,Low
5.5223976e-05,0,0,Low
8.573895e-05,0,0,Low
0.00011483565,0,0,Low
8.1870676e-05,0,0,Low
7.241347e-05,0,0,Low
0.20393555,0,0,Low
0.000100074794,0,0,Low
0.9998816,1,1,High
0.99995255,1,1,High
0.00025911376,0,0,Low
5.0144205e-05,0,0,Low
0.0001065237,0,0,Low
0.00010564836,0,0,Low
7.271414e-05,0,0,Low
0.00013089343,0,0,Low
0.0003146464,0,0,Low
0.00013224687,0,0,Low
0.0002216745,0,0,Low
0.0001568024,0,0,Low
0.00019318498,0,0,Low
8.101537e-05,0,0,Low
0.00019766447,0,0,Low
9.36053e-05,0,0,Low
0.000243215,0,0,Low
0.99995255,1,1,High
7.569557e-05,0,0,Low
9.047068e-05,0,0,Low
0.00016912895,0,0,Low
0.00014979926,0,0,Low
0.00084013643,0,0,Low
0.00031633224,0,0,Low
7.441105e-05,0,0,Low
0.00016299543,0,0,Low
0.00035270245,0,0,Low
0.0042422176,0,0,Low
0.005865405,0,0,Low
6.0782782e-05,0,0,Low
9.550385e-05,0,0,Low
9.8973345e-05,0,0,Low
0.00020379566,0,0,Low
8.0751204e-05,0,0,Low
0.00025123326,0,0,Low
5.956584e-05,0,0,Low
0.0035742805,0,0,Low
9.678223e-05,0,0,Low
6.6974884e-05,0,0,Low
0.00045585507,0,0,Low
0.00012296479,0,0,Low
0.0001740934,0,0,Low
0.00012613651,0,0,Low
0.0002654213,0,0,Low
0.0002266052,0,0,Low
0.0015714968,0,0,Low
0.000100586345,0,0,Low
5.0833325e-05,0,0,Low
5.48013e-05,0,0,Low
0.00013910914,0,0,Low
0.0006839839,0,0,Low
0.0001473008,0,0,Low
5.1995583e-05,0,0,Low
0.0003616652,0,0,Low
6.899572e-05,0,0,Low
0.00032865256,0,0,Low
0.00012021875,0,0,Low
0.00043550623,0,0,Low
0.99995255,1,1,High
5.3417367e-05,0,0,Low
7.496173e-05,0,0,Low
9.156259e-05,0,0,Low
0.00013405738,0,0,Low
0.00015546978,0,0,Low
6.974974e-05,0,0,Low
0.00016461278,0,0,Low
0.000105091414,0,0,Low
0.00013103517,0,0,Low
0.00033853343,0,0,Low
0.0009825666,0,0,Low
6.0720155e-05,0,0,Low
7.656645e-05,0,0,Low
8.619712e-05,0,0,Low
0.0001278034,0,0,Low
0.0003996588,0,0,Low
0.0055757808,0,0,Low
9.465973e-05,0,0,Low
0.00026542583,0,0,Low
0.00014911137,0,0,Low
0.00014960412,0,0,Low
5.628047e-05,0,0,Low
0.0009551225,0,0,Low
0.99995255,1,1,High
8.202023e-05,0,0,Low
0.0003654456,0,0,Low
0.0003992348,0,0,Low
8.1367485e-05,0,0,Low
0.99993014,1,1,High
7.5409334e-05,0,0,Low
6.7996174e-05,0,0,Low
7.13753e-05,0,0,Low
0.0003050437,0,0,Low
9.530507e-05,0,0,Low
0.00010308835,0,0,Low
0.00016030841,0,0,Low
0.00023341965,0,0,Low
0.9999199,1,1,High
0.000115135095,0,0,Low
8.3543426e-05,0,0,Low
5.384256e-05,0,0,Low
9.550622e-05,0,0,Low
0.00031548532,0,0,Low
0.00064804737,0,0,Low
0.00024684588,0,0,Low
9.266973e-05,0,0,Low
5.631177e-05,0,0,Low
8.6873035e-05,0,0,Low
7.665274e-05,0,0,Low
7.768761e-05,0,0,Low
6.601826e-05,0,0,Low
0.00021719727,0,0,Low
0.0008311642,0,0,Low
7.028416e-05,0,0,Low
0.0017255034,0,0,Low
0.000101599406,0,0,Low
9.0874986e-05,0,0,Low
0.00029538712,0,0,Low
6.6238725e-05,0,0,Low
0.00016588307,0,0,Low
0.00012220861,0,0,Low
0.000193034,0,0,Low
8.186419e-05,0,0,Low
9.0979374e-05,0,0,Low
0.00014303438,0,0,Low
0.0001333643,0,0,Low
7.262197e-05,0,0,Low
0.00037497949,0,0,Low
0.00010230308,0,0,Low
0.00040193327,0,0,Low
0.0026032075,0,0,Low
7.66659e-05,0,0,Low
0.0001773703,0,0,Low
8.275876e-05,0,0,Low
8.3893894e-05,0,0,Low
0.00025826335,0,0,Low
0.00017541627,0,0,Low
0.00011566076,0,0,Low
0.9975725,1,1,High
0.000380646,0,0,Low
0.0136432955,0,0,Low
0.00013012807,0,0,Low
0.0026823324,0,0,Low
9.172374e-05,0,0,Low
9.055984e-05,0,0,Low
0.00017278956,0,0,Low
7.9123776e-05,0,0,Low
0.0007606192,0,0,Low
0.00015036813,0,0,Low
0.00012985228,0,0,Low
8.487933e-05,0,0,Low
6.9649046e-05,0,0,Low
0.0001659587,0,0,Low
0.00020022395,0,0,Low
0.009952428,0,0,Low
9.1559545e-05,0,0,Low
6.161892e-05,0,0,Low
9.3813236e-05,0,0,Low
0.9998784,1,1,High
6.632817e-05,0,0,Low
9.261637e-05,0,0,Low
0.0002375544,0,0,Low
0.00015431011,0,0,Low
0.00015546504,0,0,Low
7.1590366e-05,0,0,Low
0.00023068282,0,0,Low
8.1615464e-05,0,0,Low
0.00016478081,0,0,Low
0.000113298964,0,0,Low
0.999877,1,1,High
9.48021e-05,0,0,Low
0.0001097644,0,0,Low
0.99656856,1,1,High
9.6521675e-05,0,0,Low
0.00025259197,0,0,Low
0.00013177331,0,0,Low
0.0016636384,0,0,Low
0.00026197045,0,0,Low
8.2032595e-05,0,0,Low
5.956584e-05,0,0,Low
0.00023107027,0,0,Low
7.927082e-05,0,0,Low
6.799021e-05,0,0,Low
0.0001038862,0,0,Low
0.00016698378,0,0,Low
8.788315e-05,0,0,Low
0.00015573492,0,0,Low
0.00014235976,0,0,Low
8.027472e-05,0,0,Low
0.00014529386,0,0,Low
0.00013282809,0,0,Low
0.0001403912,0,0,Low
0.0009787394,0,0,Low
9.070444e-05,0,0,Low
8.311148e-05,0,0,Low
0.00010855115,0,0,Low
0.00010354826,0,0,Low
0.00029712814,0,0,Low
9.57056e-05,0,0,Low
0.0001447845,0,0,Low
0.0004006676,0,0,Low
0.00027377493,0,0,Low
0.00017528184,0,0,Low
0.000110401896,0,0,Low
0.0009308507,0,0,Low
6.316495e-05,0,0,Low
0.0008373943,0,0,Low
0.99995255,1,1,High
0.00021295251,0,0,Low
6.330189e-05,0,0,Low
0.00013100707,0,0,Low
0.0004169704,0,0,Low
0.00011880972,0,0,Low
9.439617e-05,0,0,Low
9.233419e-05,0,0,Low
6.0914786e-05,0,0,Low
6.49398e-05,0,0,Low
5.203224e-05,0,0,Low
6.638594e-05,0,0,Low
7.752702e-05,0,0,Low
0.00013955288,0,0,Low
0.00010576106,0,0,Low
0.00016599857,0,0,Low
0.001302684,0,0,Low
0.00030490936,0,0,Low
0.0016488503,0,0,Low
6.0598508e-05,0,0,Low
0.0006048497,0,0,Low
5.2765117e-05,0,0,Low
5.6450383e-05,0,0,Low
0.99992585,1,1,High
7.281711e-05,0,0,Low
9.97054e-05,0,0,Low
8.838649e-05,0,0,Low
0.0003983946,0,0,Low
0.0003059702,0,0,Low
0.0007678527,0,0,Low
0.00033617168,0,0,Low
0.00012659801,0,0,Low
6.268736e-05,0,0,Low
6.380833e-05,0,0,Low
0.007270431,0,0,Low
0.00010748211,0,0,Low
6.585604e-05,0,0,Low
0.0050189276,0,0,Low
7.839332e-05,0,0,Low
0.00010962351,0,0,Low
6.193994e-05,0,0,Low
0.9999018,1,1,High
0.000115419905,0,0,Low
0.0031007242,0,0,Low
7.14293e-05,0,0,Low
9.2533744e-05,0,0,Low
0.00019754579,0,0,Low
0.00020779014,0,0,Low
0.00019028102,0,0,Low
0.00015674334,0,0,Low
0.0010839207,0,0,Low
0.0002677058,0,0,Low
9.541774e-05,0,0,Low
0.0034592012,0,0,Low
0.00014334022,0,0,Low
0.00013534632,0,0,Low
0.00011337473,0,0,Low
0.00035596726,0,0,Low
0.00014681226,0,0,Low
0.0034437578,0,0,Low
0.00021414853,0,0,Low
0.0040416652,0,0,Low
7.396006e-05,0,0,Low
0.00013742303,0,0,Low
6.286306e-05,0,0,Low
7.7651246e-05,0,0,Low
0.000106594314,0,0,Low
7.314239e-05,0,0,Low
7.566851e-05,0,0,Low
0.00011661236,0,0,Low
0.00035172838,0,0,Low
0.0001763218,0,0,Low
0.24458149,0,0,Low
0.0003491577,0,0,Low
0.0001133181,0,0,Low
0.00064487994,0,0,Low
0.00013837252,0,0,Low
5.4950127e-05,0,0,Low
0.00025689643,0,0,Low
0.0002532276,0,0,Low
5.4848824e-05,0,0,Low
6.9144444e-05,0,0,Low
6.215899e-05,0,0,Low
0.017461749,0,0,Low
0.0001803517,0,0,Low
0.00010610419,0,0,Low
0.0001239992,0,0,Low
0.0001039868,0,0,Low
5.7251924e-05,0,0,Low
0.0007147548,0,0,Low
8.31765e-05,0,0,Low
8.5219224e-05,0,0,Low
5.5378707e-05,0,0,Low
0.23578835,0,0,Low
0.004347273,0,0,Low
0.00017207288,0,0,Low
0.0001775627,0,0,Low
0.0070119314,0,0,Low
9.356549e-05,0,0,Low
9.526591e-05,0,0,Low
0.00075979327,0,0,Low
0.00014470873,0,0,Low
0.9998864,1,1,High
0.00012168707,0,0,Low
0.0003508004,0,0,Low
8.142431e-05,0,0,Low
9.517664e-05,0,0,Low
0.00033367777,0,0,Low
0.00019198169,0,0,Low
0.00015202316,0,0,Low
6.397893e-05,0,0,Low
6.567084e-05,0,0,Low
0.0004361109,0,0,Low
0.00016568167,0,0,Low
6.340424e-05,0,0,Low
0.00026213107,0,0,Low
0.99995255,1,1,High
5.877302e-05,0,0,Low
0.00021177487,0,0,Low
6.96802e-05,0,0,Low
9.319809e-05,0,0,Low
0.000117395815,0,0,Low
0.00013912002,0,0,Low
7.5542266e-05,0,0,Low
9.799367e-05,0,0,Low
7.53371e-05,0,0,Low
0.00014331807,0,0,Low
0.00023990979,0,0,Low
0.0006164535,0,0,Low
8.9996654e-05,0,0,Low
4.98028e-05,0,0,Low
0.010509789,0,0,Low
0.0006993995,0,0,Low
0.00012548293,0,0,Low
0.00018648039,0,0,Low
5.5482204e-05,0,0,Low
0.00011703345,0,0,Low
5.390159e-05,0,0,Low
8.35953e-05,0,0,Low
0.00018450551,0,0,Low
7.3374955e-05,0,0,Low
0.0007686013,0,0,Low
5.6687415e-05,0,0,Low
0.00017201793,0,0,Low
7.5077114e-05,0,0,Low
7.0660695e-05,0,0,Low
9.737227e-05,0,0,Low
5.058313e-05,0,0,Low
0.00016068474,0,0,Low
6.437102e-05,0,0,Low
9.526473e-05,0,0,Low
7.490335e-05,0,0,Low
0.00014237686,0,0,Low
9.998903e-05,0,0,Low
9.415793e-05,0,0,Low
7.684859e-05,0,0,Low
9.639758e-05,0,0,Low
6.359128e-05,0,0,Low
8.262353e-05,0,0,Low
5.0076727e-05,0,0,Low
9.365806e-05,0,0,Low
0.0001956096,0,0,Low
4.646788e-05,0,0,Low
0.0002734079,0,0,Low
0.29849035,0,0,Low
0.00022908892,0,0,Low
9.230109e-05,0,0,Low
0.00017479,0,0,Low
8.141025e-05,0,0,Low
0.00016110264,0,0,Low
0.9982383,1,1,High
4.566438e-05,0,0,Low
0.00021998293,0,0,Low
4.1527735e-05,0,0,Low
0.00015486788,0,0,Low
0.00026264918,0,0,Low
0.000110718596,0,0,Low
0.0015039515,0,0,Low
7.080531e-05,0,0,Low
0.00010003252,0,0,Low
7.634882e-05,0,0,Low
0.000101124926,0,0,Low
6.263615e-05,0,0,Low
0.00012966643,0,0,Low
0.00025252646,0,0,Low
7.811788e-05,0,0,Low
8.044937e-05,0,0,Low
0.00019025618,0,0,Low
6.894975e-05,0,0,Low
7.116876e-05,0,0,Low
0.044097748,0,0,Low
9.9874494e-05,0,0,Low
0.00019061043,0,0,Low
6.385111e-05,0,0,Low
9.92109e-05,0,0,Low
0.00011833168,0,0,Low
0.00013773302,0,0,Low
0.00018028085,0,0,Low
9.554302e-05,0,0,Low
0.00012812164,0,0,Low
9.259969e-05,0,0,Low
0.000114942035,0,0,Low
0.00010003033,0,0,Low
0.00025352376,0,0,Low
0.000103177066,0,0,Low
0.0001116105,0,0,Low
9.5934214e-05,0,0,Low
0.00012049063,0,0,Low
0.00014687948,0,0,Low
5.019975e-05,0,0,Low
0.00040249465,0,0,Low
0.00039589548,0,0,Low
9.255104e-05,0,0,Low
7.729139e-05,0,0,Low
4.2839496e-05,0,0,Low
7.6774755e-05,0,0,Low
7.9916885e-05,0,0,Low
0.00027159677,0,0,Low
0.0001003835,0,0,Low
5.0137845e-05,0,0,Low
9.632546e-05,0,0,Low
0.00010593042,0,0,Low
8.4397245e-05,0,0,Low
9.257611e-05,0,0,Low
0.00013883205,0,0,Low
0.006312241,0,0,Low
0.00012111717,0,0,Low
7.675807e-05,0,0,Low
0.00043052158,0,0,Low
5.558818e-05,0,0,Low
0.000103296676,0,0,Low
8.637304e-05,0,0,Low
0.00022599501,0,0,Low
9.204408e-05,0,0,Low
6.900105e-05,0,0,Low
0.9999052,1,1,High
0.00023962563,0,0,Low
8.972091e-05,0,0,Low
0.00011335516,0,0,Low
0.00015727767,0,0,Low
0.000100802965,0,0,Low
0.0028394056,0,0,Low
0.00012214536,0,0,Low
0.02145565,0,0,Low
9.43904e-05,0,0,Low
0.000121017314,0,0,Low
0.00013604386,0,0,Low
0.00014883508,0,0,Low
0.00010826057,0,0,Low
6.0896145e-05,0,0,Low
5.8543512e-05,0,0,Low
7.259961e-05,0,0,Low
0.00023645573,0,0,Low
8.833761e-05,0,0,Low
8.2422775e-05,0,0,Low
8.87935e-05,0,0,Low
0.0003084295,0,0,Low
0.00029845457,0,0,Low
8.819697e-05,0,0,Low
0.00041788482,0,0,Low
6.4582964e-05,0,0,Low
0.00017347117,0,0,Low
0.00010855291,0,0,Low
0.00015212555,0,0,Low
9.4481176e-05,0,0,Low
7.0338734e-05,0,0,Low
0.0002251341,0,0,Low
4.8091864e-05,0,0,Low
0.00012716424,0,0,Low
0.00012358699,0,0,Low
0.0039313044,0,0,Low
0.0001741525,0,0,Low
0.000508653,0,0,Low
0.00017070945,0,0,Low
5.1976203e-05,0,0,Low
0.00016016205,0,0,Low
0.00011361899,0,0,Low
0.0025941099,0,0,Low
0.9998884,1,1,High
0.0001491755,0,0,Low
8.055638e-05,0,0,Low
6.785205e-05,0,0,Low
0.00026459433,0,0,Low
0.0012953621,0,0,Low
0.00012410637,0,0,Low
5.7251924e-05,0,0,Low
6.1751685e-05,0,0,Low
0.00034093132,0,0,Low
0.0001784378,0,0,Low
0.030789917,0,0,Low
0.0015103928,0,0,Low
6.832252e-05,0,0,Low
0.00010267083,0,0,Low
0.00024229959,0,0,Low
0.00022503303,0,0,Low
0.00020935504,0,0,Low
0.00011713026,0,0,Low
9.813973e-05,0,0,Low
0.0009895967,0,0,Low
6.567417e-05,0,0,Low
0.00011596489,0,0,Low
8.209982e-05,0,0,Low
0.00012709574,0,0,Low
0.0002976975,0,0,Low
8.962189e-05,0,0,Low
0.00015456545,0,0,Low
0.00014774982,0,0,Low
0.00029327915,0,0,Low
9.1699345e-05,0,0,Low
0.00016675482,0,0,Low
9.165738e-05,0,0,Low
0.00016240653,0,0,Low
0.9998907,1,1,High
0.00046843008,0,0,Low
0.00032058638,0,0,Low
7.780386e-05,0,0,Low
5.954619e-05,0,0,Low
0.0008861328,0,0,Low
0.00016294928,0,0,Low
9.4293966e-05,0,0,Low
0.00021276092,0,0,Low
0.00012138577,0,0,Low
0.00024048002,0,0,Low
0.0001053333,0,0,Low
0.00052997255,0,0,Low
9.625494e-05,0,0,Low
5.332295e-05,0,0,Low
0.0037176884,0,0,Low
0.00016749265,0,0,Low
5.8851427e-05,0,0,Low
0.00015520139,0,0,Low
0.00016472457,0,0,Low
0.00013616534,0,0,Low
8.209317e-05,0,0,Low
0.99995255,1,1,High
0.99995255,1,1,High
0.00010905787,0,0,Low
0.003254814,0,0,Low
0.00013524144,0,0,Low
0.0007276547,0,0,Low
0.0023390574,0,0,Low
0.99995255,1,1,High
9.8215285e-05,0,0,Low
5.2308806e-05,0,0,Low
0.00014572772,0,0,Low
0.00011305161,0,0,Low
0.00010155602,0,0,Low
0.017110664,0,0,Low
7.341674e-05,0,0,Low
6.2295774e-05,0,0,Low
0.008213111,0,0,Low
0.00016594968,0,0,Low
6.1952174e-05,0,0,Low
0.003698538,0,0,Low
0.00041279042,0,0,Low
0.0001658837,0,0,Low
5.0833325e-05,0,0,Low
0.0001530747,0,0,Low
0.00041159257,0,0,Low
0.00019323343,0,0,Low
9.3791765e-05,0,0,Low
9.12556e-05,0,0,Low
6.821569e-05,0,0,Low
8.804555e-05,0,0,Low
0.00020267385,0,0,Low
7.862001e-05,0,0,Low
9.1246635e-05,0,0,Low
6.0519043e-05,0,0,Low
0.00020391072,0,0,Low
0.00013120283,0,0,Low
0.00013072779,0,0,Low
0.00010769344,0,0,Low
0.0006150119,0,0,Low
0.0007206962,0,0,Low
0.00025889598,0,0,Low
0.0010230844,0,0,Low
0.00018361327,0,0,Low
0.011540621,0,0,Low
0.0002874035,0,0,Low
9.489707e-05,0,0,Low
6.9362715e-05,0,0,Low
0.00011149095,0,0,Low
0.00020335446,0,0,Low
0.00011720164,0,0,Low
0.0029855487,0,0,Low
0.0002512033,0,0,Low
7.456305e-05,0,0,Low
0.00018231897,0,0,Low
5.4328673e-05,0,0,Low
0.00035171479,0,0,Low
0.00014590527,0,0,Low
0.00020565395,0,0,Low
0.00011756576,0,0,Low
5.2504965e-05,0,0,Low
0.00019167972,0,0,Low
9.559752e-05,0,0,Low
9.4885305e-05,0,0,Low
0.011430887,0,0,Low
6.916205e-05,0,0,Low
0.0005289783,0,0,Low
0.071737744,0,0,Low
7.7901335e-05,0,0,Low
0.000102600265,0,0,Low
0.0002695547,0,0,Low
0.0004092408,0,0,Low
6.018139e-05,0,0,Low
0.00020970745,0,0,Low
0.00021650936,0,0,Low
0.00045668383,0,0,Low
5.5126897e-05,0,0,Low
9.932837e-05,0,0,Low
6.627013e-05,0,0,Low
0.0002229937,0,0,Low
6.932436e-05,0,0,Low
0.99995255,1,1,High
0.0001305367,0,0,Low
0.0004637091,0,0,Low
7.291008e-05,0,0,Low
0.00019116263,0,0,Low
7.225117e-05,0,0,Low
7.52617e-05,0,0,Low
0.00010393466,0,0,Low
0.0015440322,0,0,Low
5.501672e-05,0,0,Low
5.313808e-05,0,0,Low
6.956893e-05,0,0,Low
7.779206e-05,0,0,Low
5.6246077e-05,0,0,Low
0.00011766209,0,0,Low
0.0003869667,0,0,Low
0.00013649918,0,0,Low
0.00010138504,0,0,Low
6.7488356e-05,0,0,Low
9.5203606e-05,0,0,Low
0.009631032,0,0,Low
0.0007082823,0,0,Low
0.0002440026,0,0,Low
7.4643656e-05,0,0,Low
8.195761e-05,0,0,Low
0.00012590639,0,0,Low
6.0291335e-05,0,0,Low
9.6334545e-05,0,0,Low
0.00035073806,0,0,Low
0.0003972148,0,0,Low
0.00014988126,0,0,Low
0.99995255,1,1,High
0.00015858721,0,0,Low
0.00018341502,0,0,Low
8.80741e-05,0,0,Low
0.00058191805,0,0,Low
9.7198325e-05,0,0,Low
0.00028623175,0,0,Low
6.662529e-05,0,0,Low
7.767346e-05,0,0,Low
0.00015407002,0,0,Low
7.8006524e-05,0,0,Low
0.00013206364,0,0,Low
8.9836314e-05,0,0,Low
7.2852745e-05,0,0,Low
0.000105811894,0,0,Low
7.503975e-05,0,0,Low
9.464105e-05,0,0,Low
0.00027441097,0,0,Low
0.0003326756,0,0,Low
0.00024910946,0,0,Low
0.00011795698,0,0,Low
9.054136e-05,0,0,Low
0.00032442503,0,0,Low
0.03658586,0,0,Low
7.459335e-05,0,0,Low
0.00014734843,0,0,Low
6.0730694e-05,0,0,Low
0.003875811,0,0,Low
5.487383e-05,0,0,Low
0.00037263555,0,0,Low
9.270862e-05,0,0,Low
0.00014939984,0,0,Low
5.8766578e-05,0,0,Low
6.8106434e-05,0,0,Low
8.275876e-05,0,0,Low
7.512338e-05,0,0,Low
7.8247314e-05,0,0,Low
7.68184e-05,0,0,Low
0.0001333947,0,0,Low
7.150024e-05,0,0,Low
0.00010524625,0,0,Low
0.0002021622,0,0,Low
0.00012812787,0,0,Low
7.838772e-05,0,0,Low
0.0054158955,0,0,Low
7.1692026e-05,0,0,Low
0.000112760164,0,0,Low
0.002289663,0,0,Low
6.587445e-05,0,0,Low
0.99995255,1,1,High
5.098669e-05,0,0,Low
9.33378e-05,0,0,Low
7.438203e-05,0,0,Low
9.9503086e-05,0,0,Low
0.00012756136,0,0,Low
0.00013522583,0,0,Low
0.00031497263,0,0,Low
0.0001299619,0,0,Low
5.500922e-05,0,0,Low
5.486253e-05,0,0,Low
0.00015055249,0,0,Low
5.4328673e-05,0,0,Low
4.764783e-05,0,0,Low
5.6611625e-05,0,0,Low
0.00015722399,0,0,Low
0.99995255,1,1,High
7.257912e-05,0,0,Low
0.00011616122,0,0,Low
5.6263296e-05,0,0,Low
6.96806e-05,0,0,Low
6.306366e-05,0,0,Low
0.00018097373,0,0,Low
6.0057955e-05,0,0,Low
6.4573665e-05,0,0,Low
0.0018983489,0,0,Low
6.971483e-05,0,0,Low
7.3663236e-05,0,0,Low
6.3141226e-05,0,0,Low
0.0001857753,0,0,Low
7.077102e-05,0,0,Low
0.99995255,1,1,High
8.3635576e-05,0,0,Low
0.00012151512,0,0,Low
0.00013595517,0,0,Low
6.654808e-05,0,0,Low
5.1024388e-05,0,0,Low
0.00138686,0,0,Low
0.026821401,0,0,Low
0.00034921995,0,0,Low
0.00026013682,0,0,Low
0.99995255,1,1,High
0.9999218,1,1,High
6.637062e-05,0,0,Low
0.00016461607,0,0,Low
0.0009928326,0,0,Low
0.9998716,1,1,High
0.00031152778,0,0,Low
9.7483666e-05,0,0,Low
5.9952272e-05,0,0,Low
0.0002599033,0,0,Low
0.00017210454,0,0,Low
0.00015834288,0,0,Low
7.285503e-05,0,0,Low
6.591126e-05,0,0,Low
0.99995255,1,1,High
0.9998876,1,1,High
5.7867735e-05,0,0,Low
6.3261105e-05,0,0,Low
0.00020423645,0,0,Low
0.00074202474,0,0,Low
0.00026732578,0,0,Low
0.000119157696,0,0,Low
0.00013034341,0,0,Low
0.00015366697,0,0,Low
0.00016279725,0,0,Low
0.00014209923,0,0,Low
5.3886535e-05,0,0,Low
0.00038769818,0,0,Low
0.0002618326,0,0,Low
0.0006001347,0,0,Low
0.00031163412,0,0,Low
8.634792e-05,0,0,Low
9.250745e-05,0,0,Low
0.00059255544,0,0,Low
0.00027937468,0,0,Low
7.085516e-05,0,0,Low
0.00016452349,0,0,Low
0.00031110752,0,0,Low
5.861356e-05,0,0,Low
0.00021439268,0,0,Low
8.7823835e-05,0,0,Low
0.00021876665,0,0,Low
7.9800295e-05,0,0,Low
0.0001540853,0,0,Low
6.709378e-05,0,0,Low
6.3175554e-05,0,0,Low
0.00013297281,0,0,Low
7.3308925e-05,0,0,Low
0.00031803868,0,0,Low
6.8799345e-05,0,0,Low
9.060164e-05,0,0,Low
7.254231e-05,0,0,Low
7.555365e-05,0,0,Low
0.99995255,1,1,High
0.00045697796,0,0,Low
7.4831456e-05,0,0,Low
0.00021383187,0,0,Low
0.9961434,1,1,High
7.7907505e-05,0,0,Low
0.11043847,0,0,Low
4.6619283e-05,0,0,Low
0.000115050156,0,0,Low
0.00031412815,0,0,Low
5.4454304e-05,0,0,Low
0.00011776031,0,0,Low
9.4001465e-05,0,0,Low
0.99995255,1,1,High
6.295743e-05,0,0,Low
0.00039818216,0,0,Low
9.3284594e-05,0,0,Low
0.0006820971,0,0,Low
0.0007908979,0,0,Low
7.861769e-05,0,0,Low
6.49502e-05,0,0,Low
8.9985755e-05,0,0,Low
5.986138e-05,0,0,Low
5.3617983e-05,0,0,Low
0.00025956405,0,0,Low
0.00017832758,0,0,Low
0.000113292386,0,0,Low
6.9962916e-05,0,0,Low
0.0001960927,0,0,Low
0.00025034926,0,0,Low
0.0001351392,0,0,Low
0.99995255,1,1,High
0.00015302522,0,0,Low
0.00029561928,0,0,Low
0.00014279071,0,0,Low
0.00010091512,0,0,Low
8.027097e-05,0,0,Low
0.0003214902,0,0,Low
0.99995255,1,1,High
5.806225e-05,0,0,Low
6.003001e-05,0,0,Low
0.000107428416,0,0,Low
4.5808792e-05,0,0,Low
8.78235e-05,0,0,Low
0.0054892455,0,0,Low
0.00010826202,0,0,Low
0.00017022426,0,0,Low
0.0001333446,0,0,Low
0.000102322774,0,0,Low
7.381625e-05,0,0,Low
0.00017356085,0,0,Low
0.00017759114,0,0,Low
6.516194e-05,0,0,Low
8.446705e-05,0,0,Low
0.00021353381,0,0,Low
7.131367e-05,0,0,Low
9.820695e-05,0,0,Low
7.5079195e-05,0,0,Low
0.00021446506,0,0,Low
0.00017492754,0,0,Low
0.99995255,1,1,High
5.326761e-05,0,0,Low
9.420651e-05,0,0,Low
9.882924e-05,0,0,Low
9.302566e-05,0,0,Low
7.6212724e-05,0,0,Low
0.00047814092,0,0,Low
0.00020239018,0,0,Low
0.0001122993,0,0,Low
0.00010456312,0,0,Low
5.390159e-05,0,0,Low
6.2977844e-05,0,0,Low
7.755267e-05,0,0,Low
6.610507e-05,0,0,Low
6.535218e-05,0,0,Low
0.00029993587,0,0,Low
0.00011672941,0,0,Low
0.00034933782,0,0,Low
0.0008941243,0,0,Low
0.00011861491,0,0,Low
0.007064638,0,0,Low
0.00011327218,0,0,Low
5.628439e-05,0,0,Low
0.000110412,0,0,Low
0.0001397585,0,0,Low
0.00011901314,0,0,Low
5.5002238e-05,0,0,Low
5.060011e-05,0,0,Low
8.739859e-05,0,0,Low
0.00016833191,0,0,Low
7.59335e-05,0,0,Low
0.00017453136,0,0,Low
0.00010137962,0,0,Low
0.00010126224,0,0,Low
0.00014135231,0,0,Low
0.00014190709,0,0,Low
0.00011722378,0,0,Low
0.0006200617,0,0,Low
0.00014459893,0,0,Low
8.739509e-05,0,0,Low
0.00016875056,0,0,Low
0.000102442384,0,0,Low
0.99992037,1,1,High
6.869006e-05,0,0,Low
9.0406e-05,0,0,Low
0.99995255,1,1,High
9.49092e-05,0,0,Low
0.00016890961,0,0,Low
0.00050000596,0,0,Low
0.00021437203,0,0,Low
4.490876e-05,0,0,Low
0.00018150391,0,0,Low
0.00011203051,0,0,Low
0.00020133928,0,0,Low
6.238935e-05,0,0,Low
0.0020716903,0,0,Low
0.0001608397,0,0,Low
0.0005802894,0,0,Low
0.00014495054,0,0,Low
7.526838e-05,0,0,Low
0.00019516713,0,0,Low
0.00011358368,0,0,Low
0.00016637238,0,0,Low
8.016151e-05,0,0,Low
0.0001325998,0,0,Low
0.008520366,0,0,Low
0.000114261,0,0,Low
0.00024679222,0,0,Low
9.146634e-05,0,0,Low
5.0919687e-05,0,0,Low
0.0001207431,0,0,Low
6.962003e-05,0,0,Low
0.00011103558,0,0,Low
0.00018957783,0,0,Low
7.392353e-05,0,0,Low
5.823887e-05,0,0,Low
8.521996e-05,0,0,Low
6.0730694e-05,0,0,Low
0.00035352688,0,0,Low
0.00035941543,0,0,Low
6.479758e-05,0,0,Low
0.00035844874,0,0,Low
0.00025432027,0,0,Low
0.00035810226,0,0,Low
0.0022743996,0,0,Low
0.000592331,0,0,Low
0.0327558,0,0,Low
0.00016835198,0,0,Low
0.0047868434,0,0,Low
0.000102169324,0,0,Low
0.00037569262,0,0,Low
0.00035418538,0,0,Low
0.00015818414,0,0,Low
6.473496e-05,0,0,Low
0.0010957129,0,0,Low
0.00012219137,0,0,Low
0.00015209988,0,0,Low
0.0024733888,0,0,Low
0.00018991507,0,0,Low
6.894975e-05,0,0,Low
9.248752e-05,0,0,Low
0.00010538182,0,0,Low
7.959791e-05,0,0,Low
0.00010076184,0,0,Low
0.0001854431,0,0,Low
0.00052555074,0,0,Low
0.0008743781,0,0,Low
0.00010496912,0,0,Low
0.00022213766,0,0,Low
5.9845e-05,0,0,Low
0.00021564387,0,0,Low
9.150926e-05,0,0,Low
8.758907e-05,0,0,Low
0.00010104405,0,0,Low
7.641758e-05,0,0,Low
6.163397e-05,0,0,Low
0.00039172743,0,0,Low
0.018641625,0,0,Low
0.99995255,1,1,High
0.00013911536,0,0,Low
0.00016923768,0,0,Low
8.758347e-05,0,0,Low
0.00014268796,0,0,Low
5.261634e-05,0,0,Low
7.695962e-05,0,0,Low
0.000110564775,0,0,Low
0.00014201674,0,0,Low
0.013673508,0,0,Low
7.311059e-05,0,0,Low
0.00017227561,0,0,Low
0.000108367574,0,0,Low
0.0001043225,0,0,Low
7.0928574e-05,0,0,Low
0.00011878605,0,0,Low
0.06084098,0,0,Low
0.9979387,1,1,High
0.000113701586,0,0,Low
0.0004985663,0,0,Low
7.924852e-05,0,0,Low
5.473617e-05,0,0,Low
0.00011452956,0,0,Low
0.00034151977,0,0,Low
0.00018183164,0,0,Low
8.988516e-05,0,0,Low
7.5862285e-05,0,0,Low
0.00015481487,0,0,Low
6.219836e-05,0,0,Low
6.0805392e-05,0,0,Low
0.00033257416,0,0,Low
0.00038991598,0,0,Low
0.00014690637,0,0,Low
0.00013285647,0,0,Low
0.0001913428,0,0,Low
8.2073755e-05,0,0,Low
0.0007396156,0,0,Low
4.5808792e-05,0,0,Low
0.00025792597,0,0,Low
4.6837096e-05,0,0,Low
0.00010844055,0,0,Low
0.00012711016,0,0,Low
0.10686879,0,0,Low
9.540264e-05,0,0,Low
0.00011969727,0,0,Low
8.6646265e-05,0,0,Low
0.00013605398,0,0,Low
7.584334e-05,0,0,Low
0.00011357003,0,0,Low
5.7120284e-05,0,0,Low
0.00046494728,0,0,Low
0.00013623547,0,0,Low
0.0012391869,0,0,Low
0.00020921735,0,0,Low
0.0002056867,0,0,Low
0.00025052522,0,0,Low
7.974933e-05,0,0,Low
0.00034474456,0,0,Low
0.00055329787,0,0,Low
0.99990976,1,1,High
0.00044336906,0,0,Low
0.000115601,0,0,Low
0.00012179051,0,0,Low
0.00028400248,0,0,Low
8.761045e-05,0,0,Low
6.264505e-05,0,0,Low
0.000113058086,0,0,Low
0.00012296574,0,0,Low
0.0001368748,0,0,Low
0.00046028508,0,0,Low
0.00015851117,0,0,Low
0.00010820772,0,0,Low
6.9962916e-05,0,0,Low
0.9999201,1,1,High
0.00010860768,0,0,Low
0.00019678309,0,0,Low
0.00012850534,0,0,Low
9.520034e-05,0,0,Low
7.335522e-05,0,0,Low
0.0001520613,0,0,Low
7.521786e-05,0,0,Low
5.1298288e-05,0,0,Low
0.000127048,0,0,Low
5.7112e-05,0,0,Low
5.900225e-05,0,0,Low
0.00010471788,0,0,Low
0.00010095255,0,0,Low
0.00015000651,0,0,Low
0.00034411377,0,0,Low
6.721955e-05,0,0,Low
0.00014123293,0,0,Low
0.0008475185,0,0,Low
9.671368e-05,0,0,Low
0.00013588258,0,0,Low
0.00010579484,0,0,Low
5.8849182e-05,0,0,Low
5.9071837e-05,0,0,Low
8.620863e-05,0,0,Low
0.000286407,0,0,Low
0.00020102582,0,0,Low
0.00012447056,0,0,Low
0.00010921419,0,0,Low
0.0001737738,0,0,Low
7.329131e-05,0,0,Low
0.99995255,1,1,High
7.3109964e-05,0,0,Low
0.00010951411,0,0,Low
0.00014591766,0,0,Low
7.9532205e-05,0,0,Low
6.594553e-05,0,0,Low
6.624308e-05,0,0,Low
4.11686e-05,0,0,Low
6.437937e-05,0,0,Low
8.445288e-05,0,0,Low
7.4806696e-05,0,0,Low
8.558962e-05,0,0,Low
8.470314e-05,0,0,Low
0.00013222128,0,0,Low
5.893848e-05,0,0,Low
0.0007073312,0,0,Low
4.9326874e-05,0,0,Low
5.3003965e-05,0,0,Low
6.0058243e-05,0,0,Low
0.00019435339,0,0,Low
7.734603e-05,0,0,Low
0.00023387301,0,0,Low
7.7786426e-05,0,0,Low
0.00018561188,0,0,Low
0.99995255,1,1,High
0.00028398135,0,0,Low
7.681884e-05,0,0,Low
5.3582356e-05,0,0,Low
0.99995255,1,1,High
0.00012523621,0,0,Low
7.952492e-05,0,0,Low
0.0002541477,0,0,Low
0.00015282676,0,0,Low
8.3540086e-05,0,0,Low
0.0004407953,0,0,Low
0.00023780641,0,0,Low
0.00010499185,0,0,Low
9.087663e-05,0,0,Low
0.00019705007,0,0,Low
5.348286e-05,0,0,Low
0.00012078812,0,0,Low
4.983943e-05,0,0,Low
9.0145244e-05,0,0,Low
7.18543e-05,0,0,Low
7.550914e-05,0,0,Low
8.843041e-05,0,0,Low
9.515541e-05,0,0,Low
0.0015987372,0,0,Low
0.00026332994,0,0,Low
0.06744747,0,0,Low
0.00012213626,0,0,Low
0.00027986575,0,0,Low
0.00010467456,0,0,Low
5.812768e-05,0,0,Low
0.00072775525,0,0,Low
0.00022945617,0,0,Low
5.9605445e-05,0,0,Low
0.025790932,0,0,Low
6.938699e-05,0,0,Low
7.5089716e-05,0,0,Low
0.03430878,0,0,Low
9.511332e-05,0,0,Low
7.065975e-05,0,0,Low
5.631177e-05,0,0,Low
0.99860007,1,1,High
0.00016383296,0,0,Low
6.475305e-05,0,0,Low
7.7775745e-05,0,0,Low
9.111874e-05,0,0,Low
0.000110778165,0,0,Low
5.4980952e-05,0,0,Low
0.00024517867,0,0,Low
0.000120458244,0,0,Low
5.522029e-05,0,0,Low
8.5475025e-05,0,0,Low
9.447829e-05,0,0,Low
0.9998621,1,1,High
7.734056e-05,0,0,Low
8.2395345e-05,0,0,Low
0.0002844488,0,0,Low
9.9026205e-05,0,0,Low
0.00010283426,0,0,Low
0.00018143262,0,0,Low
0.00028864,0,0,Low
5.7943107e-05,0,0,Low
7.9635865e-05,0,0,Low
7.816043e-05,0,0,Low
8.1831255e-05,0,0,Low
9.122271e-05,0,0,Low
0.00021664484,0,0,Low
0.00017927463,0,0,Low
0.00010673347,0,0,Low
7.6111835e-05,0,0,Low
0.00030504892,0,0,Low
0.0033940773,0,0,Low
6.0735092e-05,0,0,Low
0.999899,1,1,High
9.846097e-05,0,0,Low
0.0015160469,0,0,Low
0.00032827677,0,0,Low
5.8766578e-05,0,0,Low
0.0001295783,0,0,Low
0.00059182086,0,0,Low
0.000107872285,0,0,Low
6.792346e-05,0,0,Low
0.00024890076,0,0,Low
0.0005626099,0,0,Low
9.4790084e-05,0,0,Low
5.14667e-05,0,0,Low
0.00015530072,0,0,Low
0.0002698373,0,0,Low
0.00031180025,0,0,Low
6.714601e-05,0,0,Low
0.0044071223,0,0,Low
0.00030003942,0,0,Low
9.191103e-05,0,0,Low
6.418119e-05,0,0,Low
5.3586653e-05,0,0,Low
5.3002295e-05,0,0,Low
0.00012718485,0,0,Low
0.03429235,0,0,Low
8.281986e-05,0,0,Low
0.0001434355,0,0,Low
0.00027229972,0,0,Low
0.000114666276,0,0,Low
7.124915e-05,0,0,Low
0.9999045,1,1,High
8.358909e-05,0,0,Low
9.2786184e-05,0,0,Low
0.9999199,1,1,High
0.00012978853,0,0,Low
0.00028934234,0,0,Low
9.860501e-05,0,0,Low
0.0004199226,0,0,Low
5.7841415e-05,0,0,Low
5.8584e-05,0,0,Low
0.00031345565,0,0,Low
0.007471725,0,0,Low
7.273196e-05,0,0,Low
0.0004499839,0,0,Low
0.00021530241,0,0,Low
6.0141694e-05,0,0,Low
0.00010065285,0,0,Low
8.579407e-05,0,0,Low
5.6941193e-05,0,0,Low
7.375187e-05,0,0,Low
0.00016884519,0,0,Low
0.00026469724,0,0,Low
0.00011294279,0,0,Low
9.300596e-05,0,0,Low
0.0023787585,0,0,Low
0.00029007622,0,0,Low
6.6818204e-05,0,0,Low
0.00062514795,0,0,Low
0.00021394303,0,0,Low
8.136392e-05,0,0,Low
5.293471e-05,0,0,Low
0.00020142434,0,0,Low
0.0001238568,0,0,Low
0.00024059402,0,0,Low
0.00012466894,0,0,Low
0.0002620641,0,0,Low
7.443376e-05,0,0,Low
0.00030870573,0,0,Low
8.51553e-05,0,0,Low
4.38572e-05,0,0,Low
5.1024388e-05,0,0,Low
9.1367576e-05,0,0,Low
0.004746479,0,0,Low
5.0450508e-05,0,0,Low
0.99995255,1,1,High
6.49502e-05,0,0,Low
0.00014444762,0,0,Low
0.0025189656,0,0,Low
5.5766628e-05,0,0,Low
0.0030375146,0,0,Low
0.00017912257,0,0,Low
8.122795e-05,0,0,Low
7.495765e-05,0,0,Low
0.000525024,0,0,Low
0.018898657,0,0,Low
0.00042605554,0,0,Low
7.520423e-05,0,0,Low
0.00026728603,0,0,Low
6.8125526e-05,0,0,Low
7.434969e-05,0,0,Low
0.0002668473,0,0,Low
8.777938e-05,0,0,Low
6.420158e-05,0,0,Low
0.0012543394,0,0,Low
0.00013344495,0,0,Low
8.046579e-05,0,0,Low
0.00010187299,0,0,Low
0.00012461367,0,0,Low
8.136788e-05,0,0,Low
7.315725e-05,0,0,Low
0.0024093003,0,0,Low
0.0005136384,0,0,Low
0.00010495341,0,0,Low
0.00010983456,0,0,Low
9.589534e-05,0,0,Low
9.888712e-05,0,0,Low
5.6666875e-05,0,0,Low
0.00016321643,0,0,Low
0.013165407,0,0,Low
0.00017206352,0,0,Low
0.00074027525,0,0,Low
0.005677416,0,0,Low
0.0002542994,0,0,Low
0.00026981003,0,0,Low
0.99995255,1,1,High
9.8540804e-05,0,0,Low
7.292002e-05,0,0,Low
0.00012399115,0,0,Low
0.00012588754,0,0,Low
0.00025205186,0,0,Low
0.0001756732,0,0,Low
0.00010401874,0,0,Low
7.0745715e-05,0,0,Low
5.4047458e-05,0,0,Low
0.00010683254,0,0,Low
0.00010827265,0,0,Low
0.00027078984,0,0,Low
0.00015003412,0,0,Low
0.00010159379,0,0,Low
0.0013890258,0,0,Low
8.4645086e-05,0,0,Low
5.2636107e-05,0,0,Low
0.011243257,0,0,Low
0.99992037,1,1,High
0.00012300901,0,0,Low
0.0007296111,0,0,Low
0.0011194817,0,0,Low
7.9224046e-05,0,0,Low
0.0010326009,0,0,Low
0.0002778338,0,0,Low
6.1802115e-05,0,0,Low
0.00013453941,0,0,Low
0.99993014,1,1,High
0.00012854602,0,0,Low
0.00034289065,0,0,Low
0.0022333814,0,0,Low
6.461802e-05,0,0,Low
0.00026624347,0,0,Low
8.158644e-05,0,0,Low
8.855733e-05,0,0,Low
6.197462e-05,0,0,Low
8.2439285e-05,0,0,Low
0.00019585613,0,0,Low
0.00017616383,0,0,Low
8.478355e-05,0,0,Low
0.00013875158,0,0,Low
8.672926e-05,0,0,Low
0.0077354982,0,0,Low
6.755307e-05,0,0,Low
0.00021465798,0,0,Low
0.022921093,0,0,Low
0.0053403727,0,0,Low
8.579309e-05,0,0,Low
0.00010850613,0,0,Low
0.99995255,1,1,High
0.00013730004,0,0,Low
0.00021784789,0,0,Low
0.00026655538,0,0,Low
5.6834808e-05,0,0,Low
0.0001106097,0,0,Low
9.409814e-05,0,0,Low
5.5807646e-05,0,0,Low
8.961163e-05,0,0,Low
4.3353797e-05,0,0,Low
0.00011733079,0,0,Low
0.00016148636,0,0,Low
7.633695e-05,0,0,Low
7.546796e-05,0,0,Low
5.0731873e-05,0,0,Low
0.05411285,0,0,Low
0.00030033247,0,0,Low
0.00010656301,0,0,Low
0.99995255,1,1,High
0.99995255,1,1,High
0.00017843797,0,0,Low
0.000116799776,0,0,Low
0.0024758137,0,0,Low
0.00014469285,0,0,Low
0.002141978,0,0,Low
0.0002222332,0,0,Low
0.99995255,1,1,High
8.277659e-05,0,0,Low
0.00016578693,0,0,Low
0.00012368779,0,0,Low
0.000101166785,0,0,Low
8.3245526e-05,0,0,Low
0.0001260372,0,0,Low
0.00043767827,0,0,Low
0.0014236029,0,0,Low
0.00014602902,0,0,Low
0.0044566016,0,0,Low
7.421574e-05,0,0,Low
6.00925e-05,0,0,Low
0.015618316,0,0,Low
0.00011143748,0,0,Low
0.000302816,0,0,Low
6.38474e-05,0,0,Low
0.000513739,0,0,Low
0.00012650015,0,0,Low
7.9366204e-05,0,0,Low
4.5240384e-05,0,0,Low
5.016922e-05,0,0,Low
5.9549195e-05,0,0,Low
7.339623e-05,0,0,Low
7.5251795e-05,0,0,Low
0.003422125,0,0,Low
9.209597e-05,0,0,Low
0.99995255,1,1,High
6.435132e-05,0,0,Low
7.427444e-05,0,0,Low
7.815991e-05,0,0,Low
0.07897987,0,0,Low
6.347587e-05,0,0,Low
0.00017025541,0,0,Low
8.1563645e-05,0,0,Low
5.7786234e-05,0,0,Low
0.0064463215,0,0,Low
0.00029978235,0,0,Low
0.00011786547,0,0,Low
0.00013468046,0,0,Low
0.00025359073,0,0,Low
6.320478e-05,0,0,Low
0.00015620502,0,0,Low
0.99995255,1,1,High
9.49092e-05,0,0,Low
0.99989915,1,1,High
0.00012872953,0,0,Low
0.0002643041,0,0,Low
0.0011811678,0,0,Low
0.0001065237,0,0,Low
0.00010488497,0,0,Low
7.1214716e-05,0,0,Low
8.880858e-05,0,0,Low
9.455644e-05,0,0,Low
0.00020463232,0,0,Low
0.0001341346,0,0,Low
0.99995255,1,1,High
0.00025929196,0,0,Low
0.00010446645,0,0,Low
0.00022090123,0,0,Low
7.8112374e-05,0,0,Low
7.543379e-05,0,0,Low
0.00012328649,0,0,Low
0.00021578764,0,0,Low
0.00016882314,0,0,Low
0.00014733382,0,0,Low
0.99995255,1,1,High
8.170073e-05,0,0,Low
5.858634e-05,0,0,Low
6.37074e-05,0,0,Low
0.0008425383,0,0,Low
6.37936e-05,0,0,Low
0.00025007466,0,0,Low
0.00011917134,0,0,Low
8.883551e-05,0,0,Low
0.007889737,0,0,Low
0.00034375652,0,0,Low
7.349687e-05,0,0,Low
0.000114885595,0,0,Low
7.083462e-05,0,0,Low
0.00023325149,0,0,Low
0.0016453585,0,0,Low
0.0001565408,0,0,Low
4.8389276e-05,0,0,Low
0.0003494429,0,0,Low
0.021031415,0,0,Low
6.967383e-05,0,0,Low
8.7083376e-05,0,0,Low
6.260139e-05,0,0,Low
5.5558925e-05,0,0,Low
6.0783015e-05,0,0,Low
8.2938175e-05,0,0,Low
9.233858e-05,0,0,Low
0.05032343,0,0,Low
0.00022456599,0,0,Low
5.501787e-05,0,0,Low
0.00015391203,0,0,Low
0.011689307,0,0,Low
5.8791687e-05,0,0,Low
7.7893535e-05,0,0,Low
0.00037664437,0,0,Low
9.069146e-05,0,0,Low
0.0001558337,0,0,Low
9.4055e-05,0,0,Low
0.00045718582,0,0,Low
0.00014978883,0,0,Low
8.751468e-05,0,0,Low
0.00010163556,0,0,Low
0.0003486744,0,0,Low
0.99995255,1,1,High
0.0598734,0,0,Low
0.0011455537,0,0,Low
0.00017983088,0,0,Low
8.0190024e-05,0,0,Low
9.11594e-05,0,0,Low
7.029729e-05,0,0,Low
0.00033293676,0,0,Low
0.002600959,0,0,Low
7.309107e-05,0,0,Low
0.0001015258,0,0,Low
5.4133037e-05,0,0,Low
6.440357e-05,0,0,Low
0.0013422205,0,0,Low
0.00011119016,0,0,Low
0.000333799,0,0,Low
0.00016428695,0,0,Low
7.192972e-05,0,0,Low
0.00012808133,0,0,Low
0.000111994625,0,0,Low
9.5738826e-05,0,0,Low
0.0003746802,0,0,Low
0.0040914044,0,0,Low
0.0002735701,0,0,Low
0.00020777747,0,0,Low
8.940874e-05,0,0,Low
4.3270524e-05,0,0,Low
6.438797e-05,0,0,Low
0.00022820078,0,0,Low
0.000117919655,0,0,Low
8.3044855e-05,0,0,Low
8.677948e-05,0,0,Low
0.0001035847,0,0,Low
8.1773374e-05,0,0,Low
5.134096e-05,0,0,Low
0.00013845699,0,0,Low
0.00018245167,0,0,Low
0.0015870106,0,0,Low
0.00011523285,0,0,Low
0.0005146055,0,0,Low
0.0007305691,0,0,Low
8.1290484e-05,0,0,Low
0.9960311,1,1,High
0.00010238398,0,0,Low
7.5430406e-05,0,0,Low
0.0001739288,0,0,Low
8.1773374e-05,0,0,Low
6.921299e-05,0,0,Low
6.2988474e-05,0,0,Low
6.946531e-05,0,0,Low
0.00022612563,0,0,Low
0.003686879,0,0,Low
9.985097e-05,0,0,Low
0.04898493,0,0,Low
9.247878e-05,0,0,Low
0.00048277195,0,0,Low
4.11686e-05,0,0,Low
0.000116611925,0,0,Low
0.00021728966,0,0,Low
0.00012262476,0,0,Low
6.4119835e-05,0,0,Low
8.957387e-05,0,0,Low
0.00022625546,0,0,Low
5.5002238e-05,0,0,Low
5.8521964e-05,0,0,Low
5.4224693e-05,0,0,Low
0.00073035614,0,0,Low
7.6397686e-05,0,0,Low
0.08834243,0,0,Low
0.0004429357,0,0,Low
6.0205497e-05,0,0,Low
0.00010801443,0,0,Low
6.296541e-05,0,0,Low
4.7320304e-05,0,0,Low
0.00021006267,0,0,Low
0.00015715923,0,0,Low
0.000102871534,0,0,Low
0.00014003782,0,0,Low
0.08627174,0,0,Low
6.8753296e-05,0,0,Low
7.666743e-05,0,0,Low
0.16046908,0,0,Low
5.242641e-05,0,0,Low
0.00010401278,0,0,Low
0.0009386118,0,0,Low
0.9975575,1,1,High
0.00011286732,0,0,Low
7.604553e-05,0,0,Low
0.00014123846,0,0,Low
8.586029e-05,0,0,Low
0.0005774249,0,0,Low
5.2271855e-05,0,0,Low
0.000105372375,0,0,Low
8.497546e-05,0,0,Low
0.00015834939,0,0,Low
0.00058011134,0,0,Low
9.0584545e-05,0,0,Low
0.00086405716,0,0,Low
7.520072e-05,0,0,Low
9.844463e-05,0,0,Low
0.0030786565,0,0,Low
0.0017910362,0,0,Low
0.00024553097,0,0,Low
5.6342604e-05,0,0,Low
0.026869062,0,0,Low
8.8983455e-05,0,0,Low
5.9789607e-05,0,0,Low
0.0001110898,0,0,Low
0.00019053047,0,0,Low
0.00016467384,0,0,Low
6.793778e-05,0,0,Low
7.30173e-05,0,0,Low
6.6005174e-05,0,0,Low
0.0001837476,0,0,Low
0.006154223,0,0,Low
9.725748e-05,0,0,Low
6.0482867e-05,0,0,Low
0.0071510114,0,0,Low
0.00014158986,0,0,Low
8.926834e-05,0,0,Low
0.00014401962,0,0,Low
8.5863474e-05,0,0,Low
5.5828514e-05,0,0,Low
0.00010400554,0,0,Low
6.5167595e-05,0,0,Low
0.03282395,0,0,Low
0.0004085581,0,0,Low
5.100673e-05,0,0,Low
0.000102034086,0,0,Low
7.33162e-05,0,0,Low
0.000103130245,0,0,Low
0.00019012397,0,0,Low
8.908866e-05,0,0,Low
8.474547e-05,0,0,Low
0.9999285,1,1,High
0.0003129662,0,0,Low
8.669131e-05,0,0,Low
0.0058661313,0,0,Low
0.00042255482,0,0,Low
6.591824e-05,0,0,Low
6.924223e-05,0,0,Low
0.000120877645,0,0,Low
5.908953e-05,0,0,Low
0.0001600947,0,0,Low
0.00016556797,0,0,Low
7.9724006e-05,0,0,Low
6.0468967e-05,0,0,Low
9.0163034e-05,0,0,Low
0.00015337758,0,0,Low
0.000110996516,0,0,Low
0.0003566565,0,0,Low
0.9998609,1,1,High
0.00026160726,0,0,Low
0.00012107318,0,0,Low
5.5788492e-05,0,0,Low
0.00012182756,0,0,Low
0.00020259405,0,0,Low
0.00012487441,0,0,Low
0.00017507037,0,0,Low
0.001485322,0,0,Low
9.012255e-05,0,0,Low
0.00023319121,0,0,Low
7.606642e-05,0,0,Low
0.00048150032,0,0,Low
0.0002846368,0,0,Low
9.50465e-05,0,0,Low
0.000120655386,0,0,Low
0.0043963273,0,0,Low
6.7805224e-05,0,0,Low
6.492952e-05,0,0,Low
6.227149e-05,0,0,Low
0.00018670296,0,0,Low
0.00014186717,0,0,Low
0.00026697732,0,0,Low
0.00010286859,0,0,Low
6.867028e-05,0,0,Low
0.00012667855,0,0,Low
0.00011370289,0,0,Low
6.1866034e-05,0,0,Low
0.00025219755,0,0,Low
0.00013214955,0,0,Low
0.0003581156,0,0,Low
0.00011409334,0,0,Low
0.00015817779,0,0,Low
5.294672e-05,0,0,Low
0.00015000523,0,0,Low
0.000235721,0,0,Low
5.6719426e-05,0,0,Low
0.00016244169,0,0,Low
0.00014076292,0,0,Low
9.627605e-05,0,0,Low
0.00010800166,0,0,Low
5.2715328e-05,0,0,Low
8.2078295e-05,0,0,Low
0.00010227459,0,0,Low
0.0003024917,0,0,Low
8.546932e-05,0,0,Low
0.26356292,0,0,Low
4.9898586e-05,0,0,Low
8.689864e-05,0,0,Low
5.7996513e-05,0,0,Low
5.5390166e-05,0,0,Low
5.0847484e-05,0,0,Low
0.00022106747,0,0,Low
0.00018523369,0,0,Low
0.00015005072,0,0,Low
8.1446284e-05,0,0,Low
4.9587594e-05,0,0,Low
5.762549e-05,0,0,Low
0.00061824033,0,0,Low
8.1350576e-05,0,0,Low
0.00024063967,0,0,Low
0.00010959853,0,0,Low
0.00035398031,0,0,Low
4.95246e-05,0,0,Low
0.0001137481,0,0,Low
9.2161856e-05,0,0,Low
8.469159e-05,0,0,Low
0.9999213,1,1,High
5.6202112e-05,0,0,Low
9.3383205e-05,0,0,Low
0.99993217,1,1,High
7.2978386e-05,0,0,Low
0.00018666202,0,0,Low
0.027741028,0,0,Low
9.5011615e-05,0,0,Low
0.0007827888,0,0,Low
6.8707486e-05,0,0,Low
0.0001281506,0,0,Low
0.19671984,0,0,Low
0.00017856936,0,0,Low
8.285446e-05,0,0,Low
0.00011173989,0,0,Low
0.00015779621,0,0,Low
5.4481206e-05,0,0,Low
8.6988344e-05,0,0,Low
5.4482818e-05,0,0,Low
0.00018927312,0,0,Low
7.0471804e-05,0,0,Low
4.944532e-05,0,0,Low
0.99995255,1,1,High
0.99995255,1,1,High
5.4145632e-05,0,0,Low
0.00012043171,0,0,Low
0.02491139,0,0,Low
0.0002714847,0,0,Low
0.00019101359,0,0,Low
0.00013957644,0,0,Low
0.00012462579,0,0,Low
0.99995255,1,1,High
6.913838e-05,0,0,Low
0.00013437119,0,0,Low
5.058313e-05,0,0,Low
9.182894e-05,0,0,Low
5.2715328e-05,0,0,Low
0.00013901021,0,0,Low
9.591144e-05,0,0,Low
0.00020563905,0,0,Low
6.873763e-05,0,0,Low
0.00022347347,0,0,Low
0.0001561246,0,0,Low
0.00016114273,0,0,Low
0.00024216864,0,0,Low
6.181343e-05,0,0,Low
5.977296e-05,0,0,Low
0.00023734839,0,0,Low
5.172546e-05,0,0,Low
4.5240384e-05,0,0,Low
0.00014677741,0,0,Low
0.00016219605,0,0,Low
0.00019551339,0,0,Low
0.00021035771,0,0,Low
8.163726e-05,0,0,Low
0.020044914,0,0,Low
7.913088e-05,0,0,Low
0.99834394,1,1,High
0.00070326333,0,0,Low
9.927203e-05,0,0,Low
0.00012778988,0,0,Low
7.944253e-05,0,0,Low
6.0391118e-05,0,0,Low
0.000138849,0,0,Low
0.024114639,0,0,Low
0.00013333556,0,0,Low
0.00037497003,0,0,Low
0.00017773072,0,0,Low
6.205742e-05,0,0,Low
0.0008268105,0,0,Low
0.00034375046,0,0,Low
5.8646438e-05,0,0,Low
0.00013956886,0,0,Low
0.00010701851,0,0,Low
0.0001021471,0,0,Low
0.00014318558,0,0,Low
8.2998384e-05,0,0,Low
0.99995255,1,1,High
0.010057299,0,0,Low
7.998748e-05,0,0,Low
0.00033743467,0,0,Low
0.0002505305,0,0,Low
0.00029828018,0,0,Low
0.00025623819,0,0,Low
9.371595e-05,0,0,Low
0.00015964135,0,0,Low
0.0010315586,0,0,Low
0.00036420778,0,0,Low
0.0002286961,0,0,Low
0.00019349248,0,0,Low
0.00026308978,0,0,Low
0.0005010565,0,0,Low
0.00015385436,0,0,Low
8.0858226e-05,0,0,Low
7.874697e-05,0,0,Low
6.758619e-05,0,0,Low
0.0001187309,0,0,Low
0.9970192,1,1,High
0.00017856987,0,0,Low
0.00015508098,0,0,Low
0.99995255,1,1,High
0.00071576564,0,0,Low
0.00028194426,0,0,Low
0.04597807,0,0,Low
0.000404662,0,0,Low
0.004501161,0,0,Low
0.00012191938,0,0,Low
0.9998574,1,1,High
6.445075e-05,0,0,Low
0.00010209169,0,0,Low
0.00010859205,0,0,Low
0.00020000011,0,0,Low
6.66265e-05,0,0,Low
8.463492e-05,0,0,Low
0.00014461341,0,0,Low
0.0006813951,0,0,Low
5.7145346e-05,0,0,Low
0.00016401302,0,0,Low
6.758741e-05,0,0,Low
0.00013168865,0,0,Low
7.126057e-05,0,0,Low
7.984056e-05,0,0,Low
0.0002454879,0,0,Low
9.681767e-05,0,0,Low
0.00016499512,0,0,Low
0.0016275708,0,0,Low
0.0001337503,0,0,Low
8.998885e-05,0,0,Low
0.00011165745,0,0,Low
0.000111960035,0,0,Low
7.230941e-05,0,0,Low
7.371973e-05,0,0,Low
6.349191e-05,0,0,Low
8.804378e-05,0,0,Low
0.00018211066,0,0,Low
0.00017969203,0,0,Low
8.892485e-05,0,0,Low
0.00012375515,0,0,Low
7.2787945e-05,0,0,Low
0.00058918074,0,0,Low
0.00015028441,0,0,Low
5.505503e-05,0,0,Low
0.0002035432,0,0,Low
6.533977e-05,0,0,Low
0.00011738082,0,0,Low
5.2893334e-05,0,0,Low
6.1826344e-05,0,0,Low
0.00041118843,0,0,Low
6.840995e-05,0,0,Low
8.725361e-05,0,0,Low
0.00011624999,0,0,Low
0.00010692528,0,0,Low
8.1266844e-05,0,0,Low
0.00011979216,0,0,Low
0.00010437016,0,0,Low
7.394278e-05,0,0,Low
0.000565633,0,0,Low
8.5978674e-05,0,0,Low
0.000115218354,0,0,Low
0.00010464462,0,0,Low
8.347184e-05,0,0,Low
7.150856e-05,0,0,Low
0.0011652618,0,0,Low
6.49398e-05,0,0,Low
0.00043922383,0,0,Low
0.0002391584,0,0,Low
0.00018228941,0,0,Low
8.252399e-05,0,0,Low
0.013621956,0,0,Low
6.144998e-05,0,0,Low
5.8621332e-05,0,0,Low
9.547726e-05,0,0,Low
0.99995255,1,1,High
0.99995255,1,1,High
0.000171757,0,0,Low
0.99988425,1,1,High
0.0003941794,0,0,Low
7.24912e-05,0,0,Low
5.104736e-05,0,0,Low
0.00010349732,0,0,Low
0.000111044465,0,0,Low
0.00047317657,0,0,Low
0.9998944,1,1,High
0.0001294305,0,0,Low
0.0004950794,0,0,Low
0.99991417,1,1,High
8.043579e-05,0,0,Low
9.5049305e-05,0,0,Low
6.972973e-05,0,0,Low
0.00013502302,0,0,Low
6.2094296e-05,0,0,Low
8.54703e-05,0,0,Low
5.0502156e-05,0,0,Low
0.00044267523,0,0,Low
0.99995255,1,1,High
8.2833445e-05,0,0,Low
0.055447135,0,0,Low
0.00023091344,0,0,Low
6.2331725e-05,0,0,Low
0.0033251573,0,0,Low
6.02484e-05,0,0,Low
6.556622e-05,0,0,Low
0.00017548034,0,0,Low
0.0003008919,0,0,Low
8.875964e-05,0,0,Low
0.0001266265,0,0,Low
0.00020722725,0,0,Low
7.066723e-05,0,0,Low
0.00017812263,0,0,Low
0.0012263615,0,0,Low
8.688091e-05,0,0,Low
0.00015657663,0,0,Low
7.933828e-05,0,0,Low
0.9981577,1,1,High
0.00026599635,0,0,Low
0.00012454881,0,0,Low
0.00014689741,0,0,Low
0.013563316,0,0,Low
0.99995255,1,1,High
8.966437e-05,0,0,Low
0.00021235214,0,0,Low
0.00011253352,0,0,Low
0.00016170053,0,0,Low
0.0027516205,0,0,Low
0.00015118055,0,0,Low
0.000100006386,0,0,Low
8.5930646e-05,0,0,Low
0.030552512,0,0,Low
6.901356e-05,0,0,Low
0.00010761604,0,0,Low
0.00025784486,0,0,Low
5.188359e-05,0,0,Low
0.0036898807,0,0,Low
0.0001921445,0,0,Low
0.00030741084,0,0,Low
0.000111575595,0,0,Low
8.0389786e-05,0,0,Low
8.716014e-05,0,0,Low
6.497083e-05,0,0,Low
6.2712534e-05,0,0,Low
0.0001468166,0,0,Low
0.0043951417,0,0,Low
7.056178e-05,0,0,Low
0.0006876031,0,0,Low
0.99985075,1,1,High
0.00065898534,0,0,Low
0.000103886996,0,0,Low
8.698776e-05,0,0,Low
0.00012776977,0,0,Low
0.00019108463,0,0,Low
5.2180912e-05,0,0,Low
0.99995255,1,1,High
0.00038668074,0,0,Low
0.000104015264,0,0,Low
0.00048323558,0,0,Low
0.00024706533,0,0,Low
0.00011219183,0,0,Low
0.00013043491,0,0,Low
8.406784e-05,0,0,Low
5.6351633e-05,0,0,Low
0.0026549187,0,0,Low
0.0033923825,0,0,Low
0.0002995252,0,0,Low
5.3017662e-05,0,0,Low
8.35953e-05,0,0,Low
7.130768e-05,0,0,Low
5.2237174e-05,0,0,Low
0.00024890553,0,0,Low
0.00010860768,0,0,Low
0.022088632,0,0,Low
0.0056594387,0,0,Low
0.0011677536,0,0,Low
0.0006668974,0,1,Low
0.00010950869,0,0,Low
7.437366e-05,0,0,Low
5.1745785e-05,0,0,Low
9.787422e-05,0,0,Low
0.000100910016,0,0,Low
5.2180912e-05,0,0,Low
0.99995255,1,1,High
0.0001604546,0,0,Low
0.0092075085,0,0,Low
0.0005720676,0,0,Low
0.00034498537,0,0,Low
6.743252e-05,0,0,Low
6.358249e-05,0,0,Low
9.694229e-05,0,0,Low
0.00011073095,0,0,Low
0.00015818549,0,0,Low
7.6976285e-05,0,0,Low
0.00015761516,0,0,Low
0.00018301478,0,0,Low
9.042609e-05,0,0,Low
0.006960601,0,0,Low
9.922206e-05,0,0,Low
8.129467e-05,0,0,Low
5.5040022e-05,0,0,Low
6.5804874e-05,0,0,Low
0.0004062355,0,0,Low
0.0003503691,0,0,Low
0.99995255,1,1,High
0.00069491414,0,0,Low
0.004661763,0,1,Low
0.00012990442,0,0,Low
0.00017436068,0,0,Low
0.00028927365,0,0,Low
0.00014096036,0,0,Low
0.01922527,0,0,Low
4.469821e-05,0,0,Low
0.99995255,1,1,High
0.0003587816,0,0,Low
0.00011979216,0,0,Low
0.00011624289,0,0,Low
9.916408e-05,0,0,Low
0.00010819875,0,0,Low
0.00032662475,0,0,Low
0.0001150405,0,0,Low
0.00026952798,0,0,Low
0.99995255,1,1,High
6.9428424e-05,0,0,Low
7.944253e-05,0,0,Low
0.0001042689,0,0,Low
0.011894297,0,0,Low
0.00011599144,0,0,Low
0.00015780344,0,0,Low
5.2253217e-05,0,0,Low
0.0022624529,0,0,Low
5.7407302e-05,0,0,Low
0.00027235213,0,0,Low
6.185453e-05,0,0,Low
0.99989307,1,1,High
0.007816169,0,0,Low
0.000103281796,0,0,Low
0.0064742924,0,0,Low
8.436232e-05,0,0,Low
0.0006235425,0,0,Low
6.618531e-05,0,0,Low
0.0002544762,0,0,Low
7.080578e-05,0,0,Low
8.324735e-05,0,0,Low
5.4384916e-05,0,0,Low
0.000110766334,0,0,Low
6.724674e-05,0,0,Low
7.989685e-05,0,0,Low
5.317569e-05,0,0,Low
0.012960037,0,0,Low
8.625888e-05,0,0,Low
0.00012075519,0,0,Low
0.00027227012,0,0,Low
0.00012905314,0,0,Low
5.7780773e-05,0,0,Low
0.00013549365,0,0,Low
0.0009655913,0,0,Low
9.943821e-05,0,0,Low
0.00044873374,0,0,Low
4.832762e-05,0,0,Low
0.00015458697,0,0,Low
9.5872485e-05,0,0,Low
8.9767804e-05,0,0,Low
0.00012160483,0,0,Low
0.15359065,0,0,Low
0.00010408154,0,0,Low
0.99995255,1,1,High
0.00013172583,0,0,Low
0.00036569982,0,0,Low
7.215189e-05,0,0,Low
6.49476e-05,0,0,Low
9.150141e-05,0,0,Low
0.00041605538,0,0,Low
9.813403e-05,0,0,Low
0.00020126902,0,0,Low
0.00017358319,0,0,Low
5.9330065e-05,0,0,Low
0.000109336215,0,0,Low
0.00013311578,0,0,Low
0.00014165643,0,0,Low
6.585673e-05,0,0,Low
0.00011262874,0,0,Low
0.008310004,0,0,Low
5.1960094e-05,0,0,Low
6.702133e-05,0,0,Low
0.00010801968,0,0,Low
9.3628325e-05,0,0,Low
0.00035568335,0,0,Low
9.230496e-05,0,0,Low
0.00040247603,0,0,Low
5.4848824e-05,0,0,Low
6.5022956e-05,0,0,Low
0.00014505077,0,0,Low
9.891589e-05,0,0,Low
0.00021674401,0,0,Low
7.879294e-05,0,0,Low
0.00011065907,0,0,Low
0.00012324558,0,0,Low
5.2232688e-05,0,0,Low
0.00070654595,0,0,Low
0.00033361732,0,0,Low
0.00013411991,0,0,Low
0.00017954406,0,0,Low
9.661256e-05,0,0,Low
7.691325e-05,0,0,Low
0.00015067354,0,0,Low
0.00020193143,0,0,Low
9.8512246e-05,0,0,Low
0.00011463598,0,0,Low
0.00034586497,0,0,Low
0.00673377,0,0,Low
0.000111060566,0,0,Low
5.3617983e-05,0,0,Low
0.00053770235,0,0,Low
0.00011143525,0,0,Low
0.9999249,1,1,High
0.0001872826,0,0,Low
6.0148686e-05,0,0,Low
8.316769e-05,0,0,Low
5.2695526e-05,0,0,Low
0.0002470512,0,0,Low
7.612084e-05,0,0,Low
9.0398156e-05,0,0,Low
7.329131e-05,0,0,Low
0.99995255,1,1,High
0.00016242295,0,0,Low
0.00011066572,0,0,Low
0.00025714198,0,0,Low
0.00012616646,0,0,Low
0.00014334076,0,0,Low
0.017843314,0,0,Low
6.5607564e-05,0,0,Low
0.99995255,1,1,High
6.4933854e-05,0,0,Low
0.38725087,0,0,Moderate
9.399026e-05,0,0,Low
0.0003451826,0,0,Low
8.533616e-05,0,0,Low
7.935243e-05,0,0,Low
0.00013152814,0,0,Low
0.00016780419,0,0,Low
0.00049200805,0,0,Low
9.441093e-05,0,0,Low
7.3625175e-05,0,0,Low
0.00020551849,0,0,Low
0.0003672277,0,0,Low
0.00012477455,0,0,Low
0.99706167,1,1,High
8.871319e-05,0,0,Low
0.00021283801,0,0,Low
0.00011674232,0,0,Low
0.00010342698,0,0,Low
5.337693e-05,0,0,Low
0.00019870701,0,0,Low
0.0001977463,0,0,Low
6.5848755e-05,0,0,Low
0.00017452985,0,0,Low
0.00010696526,0,0,Low
6.760404e-05,0,0,Low
0.00042931078,0,0,Low
0.00010408879,0,0,Low
0.0001447649,0,0,Low
8.2219216e-05,0,0,Low
8.314113e-05,0,0,Low
0.00012673571,0,0,Low
0.00013864592,0,0,Low
8.4828185e-05,0,0,Low
0.00029591762,0,0,Low
5.2308806e-05,0,0,Low
0.0005814252,0,0,Low
0.00017686484,0,0,Low
7.163831e-05,0,0,Low
7.390281e-05,0,0,Low
0.00012202836,0,0,Low
0.0010520597,0,0,Low
0.00020938479,0,0,Low
0.00028294142,0,0,Low
0.00014658664,0,0,Low
0.00030645073,0,0,Low
0.9999062,1,1,High
0.00033036683,0,0,Low
8.382169e-05,0,0,Low
0.00011108069,0,0,Low
5.37616e-05,0,0,Low
0.008237528,0,0,Low
6.1849576e-05,0,0,Low
0.00010768359,0,0,Low
0.00013946655,0,0,Low
7.789933e-05,0,0,Low
0.00024208808,0,0,Low
0.99995255,1,1,High
0.0002132394,0,0,Low
0.00016692108,0,0,Low
5.2350126e-05,0,0,Low
6.3588916e-05,0,0,Low
0.00023633492,0,0,Low
0.00010975719,0,0,Low
9.734656e-05,0,0,Low
7.218065e-05,0,0,Low
0.0001208788,0,0,Low
0.00025422426,0,0,Low
0.00010225733,0,0,Low
0.00014952854,0,0,Low
0.00019374669,0,0,Low
0.0046623824,0,0,Low
4.4689255e-05,0,0,Low
7.031285e-05,0,0,Low
6.6831395e-05,0,0,Low
8.5442756e-05,0,0,Low
0.00014116091,0,0,Low
8.043579e-05,0,0,Low
6.899592e-05,0,0,Low
0.009425403,0,0,Low
9.844538e-05,0,0,Low
9.9912024e-05,0,0,Low
0.009475321,0,0,Low
7.385842e-05,0,0,Low
0.00015382898,0,0,Low
8.0113285e-05,0,0,Low
9.734619e-05,0,0,Low
8.724363e-05,0,0,Low
0.0018309236,0,0,Low
0.00039772879,0,0,Low
8.0855294e-05,0,0,Low
0.00044948512,0,0,Low
6.3282765e-05,0,0,Low
0.0005154175,0,0,Low
8.672595e-05,0,0,Low
0.00010585963,0,0,Low
0.0002380582,0,0,Low
0.11146839,0,0,Low
0.00010415383,0,0,Low
0.0001181559,0,0,Low
0.00010926616,0,0,Low
0.9968252,1,1,High
0.0001593673,0,0,Low
0.00010657175,0,0,Low
0.028681455,0,0,Low
0.00039774168,0,0,Low
6.965642e-05,0,0,Low
8.6411186e-05,0,0,Low
6.6824e-05,0,0,Low
0.00015324148,0,0,Low
0.99995255,1,1,High
0.00021484164,0,0,Low
9.170669e-05,0,0,Low
5.9813847e-05,0,0,Low
0.0002080312,0,0,Low
5.1927153e-05,0,0,Low
5.5357006e-05,0,0,Low
8.1568935e-05,0,0,Low
9.186222e-05,0,0,Low
8.7319786e-05,0,0,Low
0.00012143947,0,0,Low
0.0001256974,0,0,Low
9.585649e-05,0,0,Low
0.000105467174,0,0,Low
6.4295076e-05,0,0,Low
9.2195616e-05,0,0,Low
0.0001421857,0,0,Low
0.000105728075,0,0,Low
0.00018054663,0,0,Low
6.664207e-05,0,0,Low
7.607382e-05,0,0,Low
7.544054e-05,0,0,Low
0.00014036188,0,0,Low
0.004012955,0,0,Low
8.0012964e-05,0,0,Low
5.8582886e-05,0,0,Low
0.0008737601,0,0,Low
0.0001779225,0,0,Low
7.6862074e-05,0,0,Low
7.388527e-05,0,0,Low
7.912318e-05,0,0,Low
0.00030484833,0,0,Low
0.000171757,0,0,Low
6.14994e-05,0,0,Low
5.917908e-05,0,0,Low
7.230941e-05,0,0,Low
0.0004175263,0,0,Low
0.00030872665,0,0,Low
0.0002978329,0,0,Low
0.00012358699,0,0,Low
5.5278615e-05,0,0,Low
0.00022666853,0,0,Low
0.00024361674,0,0,Low
7.292955e-05,0,0,Low
0.053449042,0,0,Low
0.00015987884,0,0,Low
8.1773374e-05,0,0,Low
0.00010266427,0,0,Low
6.088587e-05,0,0,Low
0.00016007379,0,0,Low
9.734711e-05,0,0,Low
7.054092e-05,0,0,Low
9.400478e-05,0,0,Low
4.764783e-05,0,0,Low
0.00016941543,0,0,Low
0.00061295845,0,0,Low
7.130523e-05,0,0,Low
0.00019137912,0,0,Low
5.2138083e-05,0,0,Low
0.00014559549,0,0,Low
8.0224745e-05,0,0,Low
5.8196234e-05,0,0,Low
7.80945e-05,0,0,Low
0.9999237,1,1,High
4.2839496e-05,0,0,Low
8.965821e-05,0,0,Low
0.0009372004,0,0,Low
0.00011959378,0,0,Low
0.99986756,1,1,High
5.782184e-05,0,0,Low
0.000110038876,0,0,Low
6.5475186e-05,0,0,Low
0.00012612519,0,0,Low
9.24266e-05,0,0,Low
0.00037973537,0,0,Low
7.567551e-05,0,0,Low
8.6007785e-05,0,0,Low
0.00010329096,0,0,Low
8.2032595e-05,0,0,Low
0.00021779264,0,0,Low
5.1968964e-05,0,0,Low
0.00047910764,0,0,Low
6.203594e-05,0,0,Low
0.10147031,0,0,Low
9.575115e-05,0,0,Low
0.0002638894,0,0,Low
0.00030365065,0,0,Low
8.713662e-05,0,0,Low
9.744733e-05,0,0,Low
5.337693e-05,0,0,Low
0.000102950726,0,0,Low
0.00016793946,0,0,Low
7.95432e-05,0,0,Low
0.00031297217,0,0,Low
0.0002823537,0,0,Low
0.0014238775,0,0,Low
6.709429e-05,0,0,Low
0.00012320129,0,0,Low
0.034199458,0,0,Low
6.203351e-05,0,0,Low
5.44956e-05,0,0,Low
4.897034e-05,0,0,Low
6.0482867e-05,0,0,Low
7.386744e-05,0,0,Low
0.0015021705,0,0,Low
0.0001703535,0,0,Low
0.00020622613,0,0,Low
0.00033305484,0,0,Low
0.02818053,0,0,Low
0.0013009451,0,0,Low
0.029634673,0,0,Low
0.000102708436,0,0,Low
0.00010058971,0,0,Low
9.6882504e-05,0,0,Low
0.005919057,0,0,Low
0.00016886275,0,0,Low
0.003397103,0,0,Low
0.00169912,0,0,Low
5.2765117e-05,0,0,Low
0.00015500809,0,0,Low
0.00012357379,0,0,Low
0.00027141406,0,0,Low
0.00014597416,0,0,Low
0.00014739521,0,0,Low
5.9029713e-05,0,0,Low
0.00012938447,0,0,Low
9.59602e-05,0,0,Low
0.00013508472,0,0,Low
0.00014711454,0,0,Low
0.020274585,0,0,Low
6.0045586e-05,0,0,Low
0.00011237331,0,0,Low
7.237385e-05,0,0,Low
0.00030274503,0,0,Low
9.382469e-05,0,0,Low
6.186096e-05,0,0,Low
7.159419e-05,0,0,Low
5.3123484e-05,0,0,Low
0.00036768086,0,0,Low
0.00024220606,0,0,Low
0.0004095579,0,0,Low
8.722899e-05,0,0,Low
0.0017138801,0,0,Low
6.469719e-05,0,0,Low
0.000134851,0,0,Low
0.000319654,0,0,Low
0.0005234054,0,0,Low
0.00011314221,0,0,Low
0.0024299487,0,0,Low
0.00013110641,0,0,Low
0.9998846,1,1,High
0.00010570026,0,0,Low
0.00019653857,0,0,Low
5.029477e-05,0,0,Low
0.99995255,1,1,High
8.147394e-05,0,0,Low
0.00014363602,0,0,Low
0.005184814,0,0,Low
0.0002007923,0,0,Low
8.28107e-05,0,0,Low
7.8589954e-05,0,0,Low
0.00012530357,0,0,Low
0.000108252214,0,0,Low
6.001233e-05,0,0,Low
0.00016337667,0,0,Low
6.985358e-05,0,0,Low
0.00690039,0,0,Low
7.0878334e-05,0,0,Low
0.00024592408,0,0,Low
0.00021986406,0,0,Low
0.00016119637,0,0,Low
7.839961e-05,0,0,Low
0.00013275223,0,0,Low
0.0123579465,0,0,Low
0.00046035615,0,0,Low
0.00052313803,0,0,Low
7.434969e-05,0,0,Low
0.00012898105,0,0,Low
0.00012322197,0,0,Low
0.00013912254,0,0,Low
0.00018865116,0,0,Low
8.66637e-05,0,0,Low
5.4535838e-05,0,0,Low
0.99995255,1,1,High
6.9290516e-05,0,0,Low
0.0005169619,0,0,Low
9.425683e-05,0,0,Low
8.0226666e-05,0,0,Low
5.058313e-05,0,0,Low
6.0762326e-05,0,0,Low
0.00013764846,0,0,Low
7.10776e-05,0,0,Low
0.00017469752,0,0,Low
8.2939274e-05,0,0,Low
8.024502e-05,0,0,Low
0.00010362698,0,0,Low
0.0003135417,0,0,Low
0.00015921722,0,0,Low
0.00010932537,0,0,Low
0.0001377082,0,0,Low
6.7657056e-05,0,0,Low
0.000106393345,0,0,Low
0.0002752067,0,0,Low
0.00045196892,0,0,Low
0.00025508157,0,0,Low
0.000100007244,0,0,Low
8.1247155e-05,0,0,Low
9.211986e-05,0,0,Low
8.839576e-05,0,0,Low
0.00015048315,0,0,Low
5.7506368e-05,0,0,Low
5.5250788e-05,0,0,Low
6.046724e-05,0,0,Low
6.375815e-05,0,0,Low
8.962804e-05,0,0,Low
0.017878504,0,0,Low
0.00010446983,0,0,Low
0.00012844727,0,0,Low
0.00023523066,0,0,Low
7.839332e-05,0,0,Low
8.396897e-05,0,0,Low
6.701871e-05,0,0,Low
0.00023290924,0,0,Low
0.000119352844,0,0,Low
7.578318e-05,0,0,Low
8.703307e-05,0,0,Low
0.00013771083,0,0,Low
0.99995255,1,1,High
0.0009807434,0,0,Low
0.000119974036,0,0,Low
0.00023741946,0,0,Low
6.697769e-05,0,0,Low
0.0029957627,0,0,Low
0.0006715373,0,0,Low
0.0006358199,0,0,Low
0.0001607566,0,0,Low
8.300598e-05,0,0,Low
0.00024334838,0,0,Low
0.00021390468,0,0,Low
0.0044021145,0,0,Low
8.419299e-05,0,0,Low
8.186287e-05,0,0,Low
7.589347e-05,0,0,Low
7.5112424e-05,0,0,Low
7.318732e-05,0,0,Low
0.0001141999,0,0,Low
7.503775e-05,0,0,Low
7.5463286e-05,0,0,Low
0.00017125184,0,0,Low
7.959851e-05,0,0,Low
0.00090780825,0,0,Low
5.295137e-05,0,0,Low
0.00010907608,0,0,Low
0.00016066404,0,0,Low
0.99995255,1,1,High
6.336211e-05,0,0,Low
0.99995255,1,1,High
0.00011933918,0,0,Low
0.0001261863,0,0,Low
0.00021600585,0,0,Low
0.0001650697,0,0,Low
0.0004928483,0,0,Low
4.799698e-05,0,0,Low
6.481693e-05,0,0,Low
0.0005847508,0,0,Low
0.0053353678,0,0,Low
0.000112592345,0,0,Low
0.00034958337,0,0,Low
9.192321e-05,0,0,Low
6.816854e-05,0,0,Low
0.00046768456,0,0,Low
7.6506316e-05,0,0,Low
7.082591e-05,0,0,Low
0.000117290416,0,0,Low
0.0022076282,0,0,Low
0.00026303812,0,0,Low
0.0023228962,0,0,Low
8.209841e-05,0,0,Low
0.0002039463,0,0,Low
0.0011452738,0,0,Low
0.0002993451,0,0,Low
8.890687e-05,0,0,Low
0.0019956497,0,0,Low
0.007824343,0,0,Low
0.00012682854,0,0,Low
7.527354e-05,0,0,Low
8.248331e-05,0,0,Low
0.00017673688,0,0,Low
6.595025e-05,0,0,Low
6.0965584e-05,0,0,Low
0.00036841066,0,0,Low
0.019071735,0,0,Low
0.00053285493,0,0,Low
0.0001395783,0,0,Low
0.00057880767,0,0,Low
0.00012880235,0,0,Low
0.00024167042,0,0,Low
0.00018559876,0,0,Low
0.002626038,0,0,Low
8.658044e-05,0,0,Low
0.00627266,0,0,Low
9.92302e-05,0,0,Low
0.046011962,0,0,Low
0.00024175133,0,0,Low
0.00015691426,0,0,Low
0.00043234328,0,0,Low
0.000102466314,0,0,Low
9.933699e-05,0,0,Low
8.592876e-05,0,0,Low
7.879421e-05,0,0,Low
0.00010098683,0,0,Low
0.9999099,1,1,High
0.0002808186,0,0,Low
0.030019298,0,0,Low
0.00011286387,0,0,Low
6.0754617e-05,0,0,Low
9.157474e-05,0,0,Low
5.2636107e-05,0,0,Low
0.0003428297,0,0,Low
6.784248e-05,0,0,Low
0.000113062604,0,0,Low
7.564463e-05,0,0,Low
0.0043749404,0,0,Low
5.536862e-05,0,0,Low
5.9806312e-05,0,0,Low
0.00017158691,0,0,Low
8.3304214e-05,0,0,Low
0.0084452955,0,0,Low
8.921354e-05,0,0,Low
0.19921315,0,0,Low
4.772045e-05,0,0,Low
0.0012144437,0,0,Low
0.00026301428,0,0,Low
0.00018422706,0,0,Low
0.00032335357,0,0,Low
0.0001123984,0,0,Low
6.575432e-05,0,0,Low
7.505006e-05,0,0,Low
0.00011152327,0,0,Low
0.0009718233,0,0,Low
5.7891466e-05,0,0,Low
8.384943e-05,0,0,Low
6.0894698e-05,0,0,Low
0.000119832825,0,0,Low
0.0001325716,0,0,Low
0.0002632732,0,0,Low
7.2020244e-05,0,0,Low
0.00012256175,0,0,Low
6.1020608e-05,0,0,Low
6.89625e-05,0,0,Low
9.7139025e-05,0,0,Low
6.961883e-05,0,0,Low
0.000119025855,0,0,Low
0.00091685343,0,0,Low
0.00010623348,0,0,Low
7.994455e-05,0,0,Low
0.00058198377,0,0,Low
0.0002204392,0,0,Low
0.00010756187,0,0,Low
0.0015095127,0,0,Low
8.014339e-05,0,0,Low
0.00010145497,0,0,Low
0.00010704178,0,0,Low
8.794476e-05,0,0,Low
7.3791336e-05,0,0,Low
0.0006945004,0,0,Low
0.00012090832,0,0,Low
0.0006457083,0,0,Low
0.006272366,0,0,Low
0.00028735254,0,0,Low
0.0001362191,0,0,Low
6.598195e-05,0,0,Low
0.000220394,0,0,Low
0.998271,1,1,High
4.4157263e-05,0,0,Low
5.390159e-05,0,0,Low
0.0032137565,0,0,Low
8.94136e-05,0,0,Low
0.00013457186,0,0,Low
6.919788e-05,0,0,Low
8.278251e-05,0,0,Low
0.00010353592,0,0,Low
0.00012559928,0,0,Low
6.135284e-05,0,0,Low
9.347649e-05,0,0,Low
8.123887e-05,0,0,Low
0.00012862118,0,0,Low
0.00011021025,0,0,Low
0.9999304,1,1,High
0.00022921588,0,0,Low
7.0447815e-05,0,0,Low
0.0072839833,0,0,Low
0.00032759615,0,0,Low
0.00021567511,0,0,Low
5.9605445e-05,0,0,Low
9.408541e-05,0,0,Low
0.0001286245,0,0,Low
8.5026935e-05,0,0,Low
0.99995255,1,1,High
0.00010479809,0,0,Low
0.99992645,1,1,High
0.00041724477,0,0,Low
6.855669e-05,0,0,Low
7.697063e-05,0,0,Low
9.2277325e-05,0,0,Low
5.5427787e-05,0,0,Low
5.212929e-05,0,0,Low
0.0022145303,0,0,Low
0.00029554262,0,0,Low
0.0002420193,0,0,Low
8.7931934e-05,0,0,Low
0.000104128594,0,0,Low
7.105605e-05,0,0,Low
0.00012675117,0,0,Low
0.00023637639,0,0,Low
0.00043575576,0,0,Low
0.002634855,0,0,Low
0.99986506,1,1,High
8.625098e-05,0,0,Low
7.329865e-05,0,0,Low
0.00022797288,0,0,Low
0.00016124816,0,0,Low
6.853525e-05,0,0,Low
0.0003854864,0,0,Low
0.00011471821,0,0,Low
0.000101225654,0,0,Low
8.000274e-05,0,0,Low
0.00010722976,0,0,Low
0.00011149498,0,0,Low
7.1354e-05,0,0,Low
0.00011951958,0,0,Low
0.00020994172,0,0,Low
5.6220662e-05,0,0,Low
0.9999144,1,1,High
0.00010227255,0,0,Low
8.040719e-05,0,0,Low
0.000114265466,0,0,Low
7.935243e-05,0,0,Low
8.024258e-05,0,0,Low
0.00010688307,0,0,Low
0.000111701214,0,0,Low
8.0865095e-05,0,0,Low
8.229303e-05,0,0,Low
7.327252e-05,0,0,Low
0.00012638103,0,0,Low
0.00016975566,0,0,Low
0.0001792895,0,0,Low
7.600979e-05,0,0,Low
0.0001147111,0,0,Low
0.00011482569,0,0,Low
7.546933e-05,0,0,Low
0.0001256508,0,0,Low
0.000926945,0,0,Low
0.000103613645,0,0,Low
0.00026305392,0,0,Low
0.00026689767,0,0,Low
7.413949e-05,0,0,Low
0.00045733227,0,0,Low
0.041358132,0,0,Low
0.000102644204,0,0,Low
0.000106792606,0,0,Low
8.861494e-05,0,0,Low
9.3564515e-05,0,0,Low
5.2660507e-05,0,0,Low
0.0005523628,0,0,Low
8.0345635e-05,0,0,Low
9.5688905e-05,0,0,Low
0.024998369,0,0,Low
0.00026161625,0,0,Low
0.0002480252,0,0,Low
8.224839e-05,0,0,Low
0.000112827816,0,0,Low
0.00011624511,0,0,Low
8.8975314e-05,0,0,Low
5.795278e-05,0,0,Low
0.0001708775,0,0,Low
0.010370246,0,0,Low
0.99985635,1,1,High
0.00012717818,0,0,Low
6.563579e-05,0,0,Low
0.0001054532,0,0,Low
8.639124e-05,0,0,Low
5.6624307e-05,0,0,Low
6.8086105e-05,0,0,Low
0.99995255,1,1,High
5.2828556e-05,0,0,Low
6.276596e-05,0,0,Low
9.6586125e-05,0,0,Low
6.568795e-05,0,0,Low
0.0001541723,0,0,Low
0.0027703517,0,0,Low
0.0003114767,0,0,Low
8.6164415e-05,0,0,Low
7.129945e-05,0,0,Low
0.0001078368,0,0,Low
0.00041277843,0,0,Low
0.00014613809,0,0,Low
0.00027782426,0,0,Low
7.7878976e-05,0,0,Low
5.253216e-05,0,0,Low
5.4408258e-05,0,0,Low
0.00015788425,0,0,Low
6.2547275e-05,0,0,Low
0.00010160241,0,0,Low
9.966604e-05,0,0,Low
0.00029277685,0,0,Low
0.0009784227,0,0,Low
6.384357e-05,0,0,Low
0.00017012317,0,0,Low
0.000100846904,0,0,Low
0.00041991522,0,0,Low
0.00021991857,0,0,Low
8.5490676e-05,0,0,Low
0.00018946163,0,0,Low
0.00016600444,0,0,Low
0.0005474394,0,0,Low
0.00018721797,0,0,Low
0.00014516659,0,0,Low
6.749035e-05,0,0,Low
0.00011011896,0,0,Low
0.00018632239,0,0,Low
0.0002057069,0,0,Low
0.00012902643,0,0,Low
9.333247e-05,0,0,Low
0.00023310429,0,0,Low
9.32428e-05,0,0,Low
0.99995255,1,1,High
0.0014817317,0,0,Low
0.00014425463,0,0,Low
0.00014358152,0,0,Low
0.00038896798,0,0,Low
0.00020516646,0,0,Low
6.700791e-05,0,0,Low
5.3765805e-05,0,0,Low
7.215601e-05,0,0,Low
6.655043e-05,0,0,Low
0.00011343668,0,0,Low
0.00012298767,0,0,Low
6.8517285e-05,0,0,Low
0.0007320707,0,0,Low
0.0001563582,0,0,Low
0.99988127,1,1,High
0.00020428123,0,0,Low
0.0001799264,0,0,Low
0.9998629,1,1,High
0.27024767,0,0,Low
0.00010929524,0,0,Low
5.628439e-05,0,0,Low
0.00013432148,0,0,Low
7.920108e-05,0,0,Low
0.00014737879,0,0,Low
0.00011034717,0,0,Low
0.00023095925,0,0,Low
0.0001604676,0,0,Low
5.294672e-05,0,0,Low
0.00010769889,0,0,Low
8.670908e-05,0,0,Low
0.0001287224,0,0,Low
8.340731e-05,0,0,Low
0.99995255,1,1,High
5.75136e-05,0,0,Low
7.14372e-05,0,0,Low
0.00029175423,0,0,Low
0.0031619275,0,0,Low
0.0031914513,0,0,Low
0.00021986866,0,0,Low
7.506159e-05,0,0,Low
0.00079124345,0,0,Low
0.0002702822,0,0,Low
0.00010846703,0,0,Low
0.00017776649,0,0,Low
0.00016960455,0,0,Low
0.99995255,1,1,High
6.586333e-05,0,0,Low
0.00013731024,0,0,Low
0.0001241896,0,0,Low
0.0472028,0,0,Low
7.5667216e-05,0,0,Low
8.6562024e-05,0,0,Low
9.029176e-05,0,0,Low
7.744551e-05,0,0,Low
0.00014929347,0,0,Low
0.00017532428,0,0,Low
9.878891e-05,0,0,Low
5.2314146e-05,0,0,Low
0.00012999549,0,0,Low
9.341019e-05,0,0,Low
0.00019259664,0,0,Low
0.00017439644,0,0,Low
6.1350445e-05,0,0,Low
0.999027,1,1,High
9.521333e-05,0,0,Low
0.0004264659,0,0,Low
0.00015907563,0,0,Low
5.4133037e-05,0,0,Low
9.24899e-05,0,0,Low
0.9988656,1,1,High
0.0001225399,0,0,Low
6.568488e-05,0,0,Low
6.347169e-05,0,0,Low
0.0001426998,0,0,Low
0.00020463389,0,0,Low
0.00022934505,0,0,Low
0.00015164993,0,0,Low
0.99995255,1,1,High
0.0007241367,0,0,Low
7.126431e-05,0,0,Low
0.00028487787,0,0,Low
0.00011000688,0,0,Low
5.019975e-05,0,0,Low
0.00015572882,0,0,Low
0.00013847706,0,0,Low
7.3657124e-05,0,0,Low
0.9999074,1,1,High
6.632962e-05,0,0,Low
0.99995255,1,1,High
8.356909e-05,0,0,Low
6.0730694e-05,0,0,Low
0.0002407395,0,0,Low
5.9070146e-05,0,0,Low
8.509231e-05,0,0,Low
0.00017850773,0,0,Low
9.543512e-05,0,0,Low
0.00017514935,0,0,Low
0.00031337168,0,0,Low
0.00015125034,0,0,Low
0.0001294163,0,0,Low
7.192972e-05,0,0,Low
8.017603e-05,0,0,Low
6.049273e-05,0,0,Low
8.919287e-05,0,0,Low
0.00015385274,0,0,Low
0.00011561147,0,0,Low
0.00013747493,0,0,Low
0.0004995755,0,0,Low
0.00025323484,0,0,Low
8.298414e-05,0,0,Low
7.752702e-05,0,0,Low
5.3582356e-05,0,0,Low
0.000116679104,0,0,Low
0.0011705022,0,0,Low
7.147318e-05,0,0,Low
5.885788e-05,0,0,Low
0.000488483,0,0,Low
0.00022627489,0,0,Low
9.6742086e-05,0,0,Low
0.0001058345,0,0,Low
9.8616765e-05,0,0,Low
7.941155e-05,0,0,Low
5.010453e-05,0,0,Low
7.147434e-05,0,0,Low
7.374379e-05,0,0,Low
6.6813234e-05,0,0,Low
0.00026145615,0,0,Low
5.3886535e-05,0,0,Low
6.592459e-05,0,0,Low
5.7626425e-05,0,0,Low
8.058857e-05,0,0,Low
0.03874979,0,0,Low
0.00091727154,0,0,Low
0.0001778255,0,0,Low
0.00015839346,0,0,Low
9.551223e-05,0,0,Low
0.008843292,0,0,Low
0.0004101686,0,0,Low
6.708175e-05,0,0,Low
7.0770344e-05,0,0,Low
8.584219e-05,0,0,Low
0.00012929899,0,0,Low
7.167439e-05,0,0,Low
0.00012715854,0,0,Low
7.502952e-05,0,0,Low
0.9998634,1,1,High
0.99995255,1,1,High
0.0002991029,0,0,Low
9.513091e-05,0,0,Low
0.00013150657,0,0,Low
0.00041223635,0,0,Low
0.00011044623,0,0,Low
0.00010811697,0,0,Low
6.8677815e-05,0,0,Low
0.00035955853,0,0,Low
0.00014245616,0,0,Low
0.00019720796,0,0,Low
0.0001271093,0,0,Low
0.000158007,0,0,Low
0.00010956509,0,0,Low
9.850821e-05,0,0,Low
0.00018975415,0,0,Low
8.287808e-05,0,0,Low
6.1463754e-05,0,0,Low
7.525316e-05,0,0,Low
6.453673e-05,0,0,Low
8.981044e-05,0,0,Low
0.00028738732,0,0,Low
6.0810497e-05,0,0,Low
0.00014067341,0,0,Low
0.000115595045,0,0,Low
0.00014436073,0,0,Low
5.4937136e-05,0,0,Low
6.377238e-05,0,0,Low
9.74792e-05,0,0,Low
6.3509775e-05,0,0,Low
5.2180912e-05,0,0,Low
7.8493715e-05,0,0,Low
0.00010765196,0,0,Low
0.0004790956,0,0,Low
0.00018145997,0,0,Low
0.00050839875,0,0,Low
7.708419e-05,0,0,Low
0.00019114732,0,0,Low
0.99995255,1,1,High
7.232341e-05,0,0,Low
9.920834e-05,0,0,Low
6.357237e-05,0,0,Low
7.662964e-05,0,0,Low
0.00016079369,0,0,Low
8.9296016e-05,0,0,Low
0.99995255,1,1,High
5.3462667e-05,0,0,Low
8.897303e-05,0,0,Low
0.00090095814,0,0,Low
0.00011782929,0,0,Low
7.053238e-05,0,0,Low
0.0002637106,0,0,Low
5.7879046e-05,0,0,Low
0.00030999017,0,0,Low
0.00021114138,0,0,Low
9.853141e-05,0,0,Low
7.249168e-05,0,0,Low
6.776017e-05,0,0,Low
9.085064e-05,0,0,Low
4.5611676e-05,0,0,Low
0.010541438,0,0,Low
6.278188e-05,0,0,Low
0.99991155,1,1,High
0.00028473287,0,0,Low
6.040799e-05,0,0,Low
9.7184056e-05,0,0,Low
8.16959e-05,0,0,Low
9.6881944e-05,0,0,Low
9.243338e-05,0,0,Low
8.844736e-05,0,0,Low
0.00013910807,0,0,Low
0.00010228805,0,0,Low
0.0012622398,0,0,Low
0.00060300436,0,0,Low
6.354194e-05,0,0,Low
7.611068e-05,0,0,Low
0.00010026525,0,0,Low
0.00016602295,0,0,Low
9.642508e-05,0,0,Low
0.00015964576,0,0,Low
0.00012378702,0,0,Low
9.210397e-05,0,0,Low
0.00015509073,0,0,Low
0.00038605422,0,0,Low
0.00011801065,0,0,Low
0.00011309334,0,0,Low
5.38648e-05,0,0,Low
8.1615464e-05,0,0,Low
0.00020592236,0,0,Low
0.00015261678,0,0,Low
0.00022927161,0,0,Low
0.00013857837,0,0,Low
9.650916e-05,0,0,Low
0.00011115126,0,0,Low
5.1873158e-05,0,0,Low
0.000100127094,0,0,Low
0.0003478291,0,0,Low
0.99985373,1,1,High
0.00014394795,0,0,Low
0.0002918986,0,0,Low
0.00014127308,0,0,Low
7.633608e-05,0,0,Low
4.469821e-05,0,0,Low
8.3439205e-05,0,0,Low
7.767769e-05,0,0,Low
0.99995255,1,1,High
0.99995255,1,1,High
0.000115592506,0,0,Low
0.00010933975,0,0,Low
9.504777e-05,0,0,Low
9.103405e-05,0,0,Low
6.798787e-05,0,0,Low
8.471453e-05,0,0,Low
6.779533e-05,0,0,Low
7.357022e-05,0,0,Low
0.00022854656,0,0,Low
0.00016812772,0,0,Low
0.00019511484,0,0,Low
0.00012255264,0,0,Low
7.912499e-05,0,0,Low
6.9001646e-05,0,0,Low
0.0003218275,0,0,Low
7.417725e-05,0,0,Low
0.000106813895,0,0,Low
8.620946e-05,0,0,Low
0.00033446634,0,0,Low
0.0002035432,0,0,Low
4.8504407e-05,0,0,Low
9.158556e-05,0,0,Low
7.112018e-05,0,0,Low
8.5252635e-05,0,0,Low
8.9325484e-05,0,0,Low
7.074052e-05,0,0,Low
7.403973e-05,0,0,Low
8.236502e-05,0,0,Low
0.99995255,1,1,High
0.00015804588,0,0,Low
0.000108440036,0,0,Low
7.992191e-05,0,0,Low
9.414975e-05,0,0,Low
0.0022984804,0,0,Low
0.00016511582,0,0,Low
0.9997925,1,1,High
0.0016048782,0,0,Low
8.28107e-05,0,0,Low
6.906228e-05,0,0,Low
8.3079074e-05,0,0,Low
0.0004271167,0,0,Low
0.00020042526,0,0,Low
0.0002295463,0,0,Low
8.902344e-05,0,0,Low
0.0012566989,0,0,Low
0.005111634,0,0,Low
0.00011755948,0,0,Low
8.246538e-05,0,0,Low
0.000105735126,0,0,Low
6.2179926e-05,0,0,Low
0.00031407454,0,0,Low
9.300596e-05,0,0,Low
6.1016828e-05,0,0,Low
5.6703746e-05,0,0,Low
0.1378738,0,0,Low
6.9962916e-05,0,0,Low
0.00010786343,0,0,Low
9.6655414e-05,0,0,Low
4.3092303e-05,0,0,Low
0.00014765053,0,0,Low
5.2070012e-05,0,0,Low
0.00010815707,0,0,Low
6.461734e-05,0,0,Low
7.097431e-05,0,0,Low
6.261608e-05,0,0,Low
0.00010163556,0,0,Low
0.00011073834,0,0,Low
0.00018151257,0,0,Low
0.0003919065,0,0,Low
5.501672e-05,0,0,Low
0.00010455514,0,0,Low
0.99995255,1,1,High
0.9998324,1,1,High
8.649387e-05,0,0,Low
0.00016642697,0,0,Low
6.128431e-05,0,0,Low
0.00037012892,0,0,Low
0.04019412,0,0,Low
9.958424e-05,0,0,Low
0.00019832239,0,0,Low
0.0005488375,0,0,Low
9.147315e-05,0,0,Low
0.00017606877,0,0,Low
0.00010084633,0,0,Low
0.000119430144,0,0,Low
0.00017597765,0,0,Low
0.010481804,0,0,Low
8.272333e-05,0,0,Low
0.0008459198,0,0,Low
4.9110313e-05,0,0,Low
5.4384967e-05,0,0,Low
0.00019242759,0,0,Low
0.00040815538,0,0,Low
0.00016921041,0,0,Low
5.3886535e-05,0,0,Low
0.003141402,0,0,Low
0.99995255,1,1,High
0.00017515737,0,0,Low
0.00013104205,0,0,Low
6.9400754e-05,0,0,Low
9.844389e-05,0,0,Low
4.4689255e-05,0,0,Low
0.99984264,1,1,High
0.00010958808,0,0,Low
0.000104608494,0,0,Low
0.0020600567,0,0,Low
0.0038782654,0,0,Low
6.001044e-05,0,0,Low
0.00015845752,0,0,Low
0.00015548905,0,0,Low
0.000109397326,0,0,Low
0.00012111983,0,0,Low
0.00023044673,0,0,Low
0.00018567471,0,0,Low
0.00011744845,0,0,Low
0.0003396277,0,0,Low
4.2469015e-05,0,0,Low
6.0519043e-05,0,0,Low
0.00014224347,0,0,Low
0.0012596144,0,0,Low
7.342213e-05,0,0,Low
0.9998895,1,1,High
0.00017449325,0,0,Low
0.00028337984,0,0,Low
0.00025080916,0,0,Low
6.5287146e-05,0,0,Low
0.010420668,0,0,Low
0.000117720905,0,0,Low
8.1532846e-05,0,0,Low
0.000104185405,0,0,Low
0.00014679015,0,0,Low
0.00018966642,0,0,Low
9.538853e-05,0,0,Low
5.2370797e-05,0,0,Low
0.00019768483,0,0,Low
7.057981e-05,0,0,Low
0.0017372898,0,0,Low
0.00016821543,0,0,Low
0.00017443519,0,0,Low
0.00015629992,0,0,Low
0.00013997468,0,0,Low
0.00010612919,0,0,Low
9.7828306e-05,0,0,Low
5.825548e-05,0,0,Low
7.004482e-05,0,0,Low
0.99995255,1,1,High
0.00024683317,0,0,Low
0.040280327,0,0,Low
6.757543e-05,0,0,Low
0.00043500957,0,0,Low
0.0001241253,0,0,Low
0.00033700772,0,0,Low
0.00012847813,0,0,Low
5.1024388e-05,0,0,Low
0.00012140174,0,0,Low
0.051716525,0,0,Low
9.4956995e-05,0,0,Low
6.798301e-05,0,0,Low
0.00012972728,0,0,Low
0.99995255,1,1,High
0.00013922219,0,0,Low
0.01848629,0,0,Low
0.000105354695,0,0,Low
0.000111847134,0,0,Low
0.00046189726,0,0,Low
8.079711e-05,0,0,Low
0.9998759,1,1,High
0.00029980094,0,0,Low
0.00011344708,0,0,Low
5.773159e-05,0,0,Low
0.0025109127,0,0,Low
7.402018e-05,0,0,Low
9.142292e-05,0,0,Low
7.162745e-05,0,0,Low
0.006323263,0,0,Low
0.00017193313,0,0,Low
0.00010351883,0,0,Low
8.1474565e-05,0,0,Low
0.00014902807,0,0,Low
0.0036552818,0,0,Low
9.153597e-05,0,0,Low
0.0005847731,0,0,Low
0.0004640126,0,0,Low
8.9757705e-05,0,0,Low
0.00029298713,0,0,Low
6.7928515e-05,0,0,Low
0.00015650246,0,0,Low
0.00030406084,0,0,Low
0.00038531705,0,0,Low
5.626341e-05,0,0,Low
9.332579e-05,0,0,Low
0.00023585006,0,0,Low
0.00014390361,0,0,Low
9.222296e-05,0,0,Low
0.0001312997,0,0,Low
0.00012408696,0,0,Low
0.00013260561,0,0,Low
0.00025832443,0,0,Low
9.606137e-05,0,0,Low
0.00012866584,0,0,Low
8.17517e-05,0,0,Low
0.00020740081,0,0,Low
0.00034281955,0,0,Low
0.9999229,1,1,High
0.00011402568,0,0,Low
8.577926e-05,0,0,Low
9.353427e-05,0,0,Low
8.953885e-05,0,0,Low
0.000103198516,0,0,Low
0.00010714656,0,0,Low
0.00030704384,0,0,Low
6.1015482e-05,0,0,Low
9.595425e-05,0,0,Low
0.00026831473,0,0,Low
0.00044243012,0,0,Low
6.561764e-05,0,0,Low
0.003645339,0,0,Low
0.0019812814,0,0,Low
0.99991655,1,1,High
0.00013138248,0,0,Low
0.0003987755,0,0,Low
0.00014180077,0,0,Low
6.0598566e-05,0,0,Low
7.656171e-05,0,0,Low
6.391837e-05,0,0,Low
0.065614484,0,0,Low
0.022123892,0,0,Low
6.6887755e-05,0,0,Low
0.0001682411,0,0,Low
0.0001437159,0,0,Low
8.2191546e-05,0,0,Low
0.00013800028,0,0,Low
0.00017859983,0,0,Low
0.00016576558,0,0,Low
8.6029686e-05,0,0,Low
0.00014924137,0,0,Low
0.00011180714,0,0,Low
0.0040818676,0,0,Low
5.9005462e-05,0,0,Low
0.00021705152,0,0,Low
0.00015076049,0,0,Low
5.922396e-05,0,0,Low
0.00016123464,0,0,Low
5.3088996e-05,0,0,Low
7.957248e-05,0,0,Low
0.00021714778,0,0,Low
8.844382e-05,0,0,Low
0.0004872692,0,0,Low
8.1474565e-05,0,0,Low
0.99995255,1,1,High
0.00016089108,0,0,Low
7.4476215e-05,0,0,Low
8.758506e-05,0,0,Low
4.253293e-05,0,0,Low
0.0012487188,0,0,Low
5.166236e-05,0,0,Low
5.669412e-05,0,0,Low
0.00019736636,0,0,Low
8.407305e-05,0,0,Low
8.353347e-05,0,0,Low
5.473617e-05,0,0,Low
0.99995255,1,1,High
0.00018737298,0,0,Low
0.00043240513,0,0,Low
0.00017113073,0,0,Low
6.707804e-05,0,0,Low
0.00013441066,0,0,Low
0.00029067087,0,0,Low
5.3435095e-05,0,0,Low
0.99988425,1,1,High
0.00024234326,0,0,Low
0.00045646034,0,0,Low
0.99919266,1,1,High
0.00010520271,0,0,Low
0.0038136228,0,0,Low
0.0002747246,0,0,Low
0.10124179,0,0,Low
0.0001465728,0,0,Low
0.00012788583,0,0,Low
0.00010536936,0,0,Low
0.00013150997,0,0,Low
7.401862e-05,0,0,Low
8.209841e-05,0,0,Low
6.741496e-05,0,0,Low
0.00031980823,0,0,Low
0.99995255,1,1,High
5.3582356e-05,0,0,Low
0.00016655191,0,0,Low
7.5027376e-05,0,0,Low
8.3748986e-05,0,0,Low
0.00013247607,0,0,Low
0.00015856499,0,0,Low
0.99981743,1,1,High
0.0001273187,0,0,Low
0.00014505132,0,0,Low
8.5116735e-05,0,0,Low
8.5796775e-05,0,0,Low
0.00032749312,0,0,Low
0.00011224662,0,0,Low
7.581838e-05,0,0,Low
0.00031750486,0,0,Low
0.99983716,1,1,High
0.00014902836,0,0,Low
9.0678404e-05,0,0,Low
0.0001033019,0,0,Low
0.00012542862,0,0,Low
0.000100134064,0,0,Low
7.839033e-05,0,0,Low
0.0004549051,0,0,Low
6.0089693e-05,0,0,Low
7.2025534e-05,0,0,Low
0.9987218,1,1,High
6.899592e-05,0,0,Low
0.0008153761,0,0,Low
7.436799e-05,0,0,Low
0.99995255,1,1,High
0.00015843441,0,0,Low
0.00014624375,0,0,Low
0.011953854,0,0,Low
0.00011644647,0,0,Low
0.0001925882,0,0,Low
6.763815e-05,0,0,Low
4.8859834e-05,0,0,Low
0.99984837,1,1,High
0.00013476243,0,0,Low
0.00029702648,0,0,Low
8.7872846e-05,0,0,Low
0.9998895,1,1,High
0.00016655587,0,0,Low
7.646657e-05,0,0,Low
7.659881e-05,0,0,Low
0.00027009932,0,0,Low
6.3576124e-05,0,0,Low
0.00031683056,0,0,Low
0.0001105477,0,0,Low
0.00015830362,0,0,Low
6.46904e-05,0,0,Low
7.2266885e-05,0,0,Low
0.00020779352,0,0,Low
0.00043050005,0,0,Low
4.831329e-05,0,0,Low
9.6480995e-05,0,0,Low
0.99995255,1,1,High
0.00019016584,0,0,Low
8.5091735e-05,0,0,Low
7.407186e-05,0,0,Low
9.931615e-05,0,0,Low
0.00043200937,0,0,Low
7.324562e-05,0,0,Low
0.000149453,0,0,Low
0.00026025865,0,0,Low
9.604196e-05,0,0,Low
4.8023856e-05,0,0,Low
6.128191e-05,0,0,Low
0.00038940558,0,0,Low
8.418761e-05,0,0,Low
7.833384e-05,0,0,Low
6.8856054e-05,0,0,Low
0.00019332652,0,0,Low
9.0673384e-05,0,0,Low
5.0717696e-05,0,0,Low
0.99995255,1,1,High
5.5924e-05,0,0,Low
7.858786e-05,0,0,Low
0.00023515867,0,0,Low
0.00019653632,0,0,Low
7.1386945e-05,0,0,Low
0.00011319195,0,0,Low
5.323292e-05,0,0,Low
9.821613e-05,0,0,Low
7.401495e-05,0,0,Low
0.00011191989,0,0,Low
7.020484e-05,0,0,Low
0.0004278557,0,0,Low
8.121826e-05,0,0,Low
0.00019279616,0,0,Low
0.000102706086,0,0,Low
8.5595166e-05,0,0,Low
0.00016723634,0,0,Low
8.523288e-05,0,0,Low
0.00083658396,0,0,Low
5.0134782e-05,0,0,Low
0.9998653,1,1,High
5.3972777e-05,0,0,Low
0.00315502,0,0,Low
0.00017754543,0,0,Low
0.00042352508,0,0,Low
6.763945e-05,0,0,Low
8.792683e-05,0,0,Low
0.00024833353,0,0,Low
0.0013678983,0,0,Low
8.5095955e-05,0,0,Low
6.4879634e-05,0,0,Low
0.9998816,1,1,High
7.7945995e-05,0,0,Low
7.874697e-05,0,0,Low
0.000171691,0,0,Low
8.740309e-05,0,0,Low
9.21181e-05,0,0,Low
6.742982e-05,0,0,Low
0.0003358646,0,0,Low
8.399908e-05,0,0,Low
9.657037e-05,0,0,Low
0.0004743503,0,0,Low
0.00014069608,0,0,Low
7.662204e-05,0,0,Low
0.016829096,0,0,Low
6.944915e-05,0,0,Low
0.00011206439,0,0,Low
0.000107032094,0,0,Low
0.00031523427,0,0,Low
6.4713604e-05,0,0,Low
0.00079414825,0,0,Low
6.2923995e-05,0,0,Low
0.010526419,0,0,Low
7.893011e-05,0,0,Low
6.54928e-05,0,0,Low
0.003482163,0,0,Low
0.00018730992,0,0,Low
5.375509e-05,0,0,Low
9.7251635e-05,0,0,Low
9.073964e-05,0,0,Low
0.9998816,1,1,High
8.152756e-05,0,0,Low
0.00015778733,0,0,Low
0.00010860768,0,0,Low
8.159717e-05,0,0,Low
0.0007721754,0,0,Low
8.270464e-05,0,0,Low
0.00014245766,0,0,Low
0.00034183785,0,0,Low
0.00011858991,0,0,Low
0.00018573721,0,0,Low
0.000108450695,0,0,Low
0.0011484487,0,0,Low
0.00040987623,0,0,Low
0.0002433609,0,0,Low
7.206064e-05,0,0,Low
0.0012895825,0,0,Low
9.334635e-05,0,0,Low
7.5637705e-05,0,0,Low
0.00010500587,0,0,Low
8.664338e-05,0,0,Low
0.01312402,0,0,Low
0.00010554374,0,0,Low
0.00022013715,0,0,Low
4.9112372e-05,0,0,Low
5.0036488e-05,0,0,Low
0.00023111542,0,0,Low
8.922716e-05,0,0,Low
0.00012588309,0,0,Low
0.00022160943,0,0,Low
0.00012719941,0,0,Low
0.00034100152,0,0,Low
0.00028187197,0,0,Low
0.00023379164,0,0,Low
6.676852e-05,0,0,Low
0.00084313063,0,0,Low
0.00012754336,0,0,Low
7.094156e-05,0,0,Low
8.209841e-05,0,0,Low
7.650508e-05,0,0,Low
0.0001296333,0,0,Low
0.0001934069,0,0,Low
7.202801e-05,0,0,Low
0.00012954247,0,0,Low
9.373937e-05,0,0,Low
7.490642e-05,0,0,Low
0.00018748574,0,0,Low
0.00028782248,0,0,Low
0.00020509801,0,0,Low
0.99991035,1,1,High
0.00012872413,0,0,Low
4.9741095e-05,0,0,Low
0.0003600631,0,0,Low
0.00039536238,0,0,Low
0.00016251342,0,0,Low
0.0001344304,0,0,Low
0.00010971062,0,0,Low
0.0004399318,0,0,Low
0.00012234865,0,0,Low
5.5475437e-05,0,0,Low
0.00021350062,0,0,Low
5.266463e-05,0,0,Low
0.00035786218,0,0,Low
0.00013978688,0,0,Low
9.952093e-05,0,0,Low
5.1298288e-05,0,0,Low
8.097536e-05,0,0,Low
0.0001391581,0,0,Low
0.99995255,1,1,High
5.934738e-05,0,0,Low
0.00035116615,0,0,Low
0.00015000167,0,0,Low
9.619336e-05,0,0,Low
0.00014387535,0,0,Low
6.8816466e-05,0,0,Low
0.0004547867,0,0,Low
0.00094429957,0,0,Low
8.7795284e-05,0,0,Low
0.00012818114,0,0,Low
0.00012171911,0,0,Low
0.000104865976,0,0,Low
0.0002896589,0,0,Low
0.00031172863,0,0,Low
0.00015470141,0,0,Low
0.99995255,1,1,High
0.9999008,1,1,High
0.0005860896,0,0,Low
9.1958194e-05,0,0,Low
0.000111630405,0,0,Low
0.00014972786,0,0,Low
0.0018099784,0,0,Low
0.005022165,0,0,Low
0.00012596235,0,0,Low
0.00010270804,0,0,Low
0.000148723,0,0,Low
0.00041923765,0,0,Low
7.9532125e-05,0,0,Low
0.00031190165,0,0,Low
0.000373584,0,0,Low
5.7120284e-05,0,0,Low
0.0002498933,0,0,Low
0.99995255,1,1,High
7.3625175e-05,0,0,Low
0.9999145,1,1,High
8.650575e-05,0,0,Low
0.00012030923,0,0,Low
0.02751037,0,0,Low
0.00010358894,0,0,Low
0.99995255,1,1,High
6.098163e-05,0,0,Low
7.575103e-05,0,0,Low
7.898063e-05,0,0,Low
0.0001721569,0,0,Low
0.00039524856,0,0,Low
0.000110601584,0,0,Low
5.908953e-05,0,0,Low
0.00012460488,0,0,Low
0.0012244548,0,0,Low
0.9999255,1,1,High
0.00013007075,0,0,Low
0.00015196824,0,0,Low
7.696101e-05,0,0,Low
0.0005314742,0,0,Low
5.894315e-05,0,0,Low
0.00012307272,0,0,Low
7.215657e-05,0,0,Low
5.719032e-05,0,0,Low
0.00019828608,0,0,Low
8.1615464e-05,0,0,Low
7.9493984e-05,0,0,Low
0.0046173544,0,0,Low
9.821613e-05,0,0,Low
5.1927153e-05,0,0,Low
5.973e-05,0,0,Low
5.998646e-05,0,0,Low
6.311757e-05,0,0,Low
0.00012219812,0,0,Low
0.000905199,0,0,Low
0.00017722051,0,0,Low
9.991459e-05,0,0,Low
0.00016041804,0,0,Low
0.00045142035,0,0,Low
6.775849e-05,0,0,Low
0.0018126441,0,0,Low
8.721809e-05,0,0,Low
0.00020965247,0,0,Low
8.722541e-05,0,0,Low
0.99989414,1,1,High
0.006269267,0,0,Low
0.99901307,1,1,High
0.01055902,0,0,Low
0.99995255,1,1,High
5.164694e-05,0,0,Low
0.0001290471,0,0,Low
9.006997e-05,0,0,Low
0.00042881077,0,0,Low
6.5367756e-05,0,0,Low
0.00017861926,0,0,Low
6.919214e-05,0,0,Low
7.776403e-05,0,0,Low
0.00022546086,0,0,Low
0.0003988274,0,0,Low
6.380833e-05,0,0,Low
0.00010639295,0,0,Low
0.0006832051,0,0,Low
0.000104861174,0,0,Low
7.329264e-05,0,0,Low
4.8883696e-05,0,0,Low
0.007636545,0,0,Low
5.977393e-05,0,0,Low
0.00010159302,0,0,Low
8.858284e-05,0,0,Low
8.558521e-05,0,0,Low
0.0002295809,0,0,Low
9.447415e-05,0,0,Low
0.00013614002,0,0,Low
0.00028977162,0,0,Low
0.99995255,1,1,High
0.99995255,1,1,High
6.0225713e-05,0,0,Low
6.2059546e-05,0,0,Low
0.000114913324,0,0,Low
0.00017090765,0,0,Low
0.009312516,0,0,Low
0.0011550131,0,0,Low
0.0001951768,0,0,Low
9.430781e-05,0,0,Low
0.00015168232,0,0,Low
5.5468034e-05,0,0,Low
0.00025955934,0,0,Low
5.0717696e-05,0,0,Low
0.99995255,1,1,High
6.95107e-05,0,0,Low
0.99995255,1,1,High
6.4747124e-05,0,0,Low
8.174499e-05,0,0,Low
0.0001510032,0,0,Low
0.0002773175,0,0,Low
9.208781e-05,0,0,Low
0.021868983,0,0,Low
9.21471e-05,0,0,Low
0.00036441596,0,0,Low
7.2879906e-05,0,0,Low
0.010808548,0,0,Low
7.0725546e-05,0,0,Low
0.00021772308,0,0,Low
7.217839e-05,0,0,Low
8.425749e-05,0,0,Low
4.5440145e-05,0,0,Low
0.00016296202,0,0,Low
9.270181e-05,0,0,Low
5.8804584e-05,0,0,Low
0.00017592027,0,0,Low
0.0037501636,0,0,Low
0.9999062,1,1,High
0.00059697253,0,0,Low
0.00011213312,0,0,Low
0.00035525585,0,0,Low
5.161971e-05,0,0,Low
8.528679e-05,0,0,Low
0.00010909667,0,0,Low
0.99995255,1,1,High
7.266623e-05,0,0,Low
0.0024247633,0,0,Low
4.5113335e-05,0,0,Low
8.750266e-05,0,0,Low
7.3979034e-05,0,0,Low
0.00023608493,0,0,Low
9.02229e-05,0,0,Low
0.00010573907,0,0,Low
7.181923e-05,0,0,Low
0.0001381127,0,0,Low
5.299168e-05,0,0,Low
0.0036905028,0,0,Low
0.000102171165,0,0,Low
0.0010069294,0,0,Low
7.131414e-05,0,0,Low
0.00025786256,0,0,Low
4.7607864e-05,0,0,Low
0.00039545624,0,0,Low
0.000115031944,0,0,Low
0.0001560688,0,0,Low
6.254918e-05,0,0,Low
6.0730694e-05,0,0,Low
6.49219e-05,0,0,Low
0.00054753566,0,0,Low
0.00010486798,0,0,Low
0.0001704427,0,0,Low
0.9999199,1,1,High
7.396683e-05,0,0,Low
0.0005046023,0,0,Low
0.00022350307,0,0,Low
0.00052827416,0,0,Low
0.00036026997,0,0,Low
5.2765117e-05,0,0,Low
7.0580485e-05,0,0,Low
8.046509e-05,0,0,Low
5.2866002e-05,0,0,Low
8.746412e-05,0,0,Low
8.097536e-05,0,0,Low
7.945184e-05,0,0,Low
0.99995255,1,1,High
0.0016822682,0,0,Low
7.1649716e-05,0,0,Low
0.01838831,0,0,Low
6.2634776e-05,0,0,Low
4.6245525e-05,0,0,Low
0.000118219126,0,0,Low
6.6901026e-05,0,0,Low
8.67808e-05,0,0,Low
0.00012067127,0,0,Low
0.00022390386,0,0,Low
8.061801e-05,0,0,Low
0.0001701772,0,0,Low
5.62123e-05,0,0,Low
9.5724135e-05,0,0,Low
5.8736437e-05,0,0,Low
0.00017972254,0,0,Low
9.250137e-05,0,0,Low
0.00014874895,0,0,Low
0.99988425,1,1,High
7.659479e-05,0,0,Low
0.00016986317,0,0,Low
9.119297e-05,0,0,Low
0.09570391,0,0,Low
0.00015800144,0,0,Low
7.328202e-05,0,0,Low
0.00045225228,0,0,Low
9.2751245e-05,0,0,Low
6.4024214e-05,0,0,Low
0.00020330714,0,0,Low
0.0003285476,0,0,Low
0.00019490586,0,0,Low
6.8651556e-05,0,0,Low
0.00016198246,0,0,Low
8.249055e-05,0,0,Low
0.00013132412,0,0,Low
0.00017155454,0,0,Low
8.342775e-05,0,0,Low
5.2636107e-05,0,0,Low
6.8690126e-05,0,0,Low
0.0001172808,0,0,Low
0.9998441,1,1,High
0.0001814283,0,0,Low
0.00061928335,0,0,Low
0.00046466172,0,0,Low
0.00010740639,0,0,Low
0.00030712725,0,0,Low
0.00011836847,0,0,Low
9.810352e-05,0,0,Low
5.058313e-05,0,0,Low
6.951044e-05,0,0,Low
0.00023742353,0,0,Low
0.00043772563,0,0,Low
0.00032944654,0,0,Low
0.02529242,0,0,Low
0.00037603534,0,0,Low
0.001963666,0,0,Low
0.000106126354,0,0,Low
0.0030490393,0,0,Low
0.000108074186,0,0,Low
6.0322564e-05,0,0,Low
0.0002504452,0,0,Low
0.00033053066,0,0,Low
0.0001680016,0,0,Low
0.00012458456,0,0,Low
8.3961284e-05,0,0,Low
6.268808e-05,0,0,Low
0.00011386401,0,0,Low
0.00013107128,0,0,Low
0.000113503454,0,0,Low
5.3903288e-05,0,0,Low
6.607407e-05,0,0,Low
9.382209e-05,0,0,Low
6.721955e-05,0,0,Low
0.000753444,0,0,Low
0.002914579,0,0,Low
9.213867e-05,0,0,Low
0.00043006544,0,0,Low
0.000473862,0,0,Low
7.439551e-05,0,0,Low
0.00010374731,0,0,Low
0.00071834633,0,0,Low
0.99995255,1,1,High
0.001383346,0,0,Low
5.337693e-05,0,0,Low
0.00020390157,0,0,Low
6.638778e-05,0,0,Low
0.0003528866,0,0,Low
0.00010892619,0,0,Low
8.322966e-05,0,0,Low
0.000106667736,0,0,Low
0.0007799526,0,0,Low
7.70077e-05,0,0,Low
0.00012701118,0,0,Low
0.9983608,1,1,High
0.019912483,0,0,Low
9.277415e-05,0,0,Low
9.8888624e-05,0,0,Low
8.188012e-05,0,0,Low
0.99891174,1,1,High
0.00029227094,0,0,Low
0.99995255,1,1,High
0.00016484116,0,0,Low
5.749644e-05,0,0,Low
5.5428267e-05,0,0,Low
7.964187e-05,0,0,Low
0.00014222747,0,0,Low
5.34086e-05,0,0,Low
